acquisition_cost_usd,order_value_usd,satisfaction_score,support_tickets,lead_time_days,days_acq_to_order,days_order_to_payment,acquisition_date_year,acquisition_date_month,acquisition_date_dayofweek,order_date_year,order_date_month,order_date_dayofweek,payment_date_year,payment_date_month,payment_date_dayofweek,market_segment_Asia-Pacific,market_segment_Europe,market_segment_Middle East,market_segment_North America,supplier_id_SUP-B,supplier_id_SUP-C,supplier_id_SUP-D,supplier_id_SUP-E,supplier_id_SUP-F,supplier_id_SUP-G
850,12500,4,1,14,10,34,2024,1,4,2024,1,0,2024,2,6,False,False,False,True,False,False,False,False,False,False
920,8500,5,0,16,12,38,2024,1,5,2024,1,3,2024,2,6,False,True,False,False,True,False,False,False,False,False
880,21000,4,2,15,13,41,2024,1,6,2024,1,5,2024,3,4,True,False,False,False,False,True,False,False,False,False
790,7500,3,1,13,14,37,2024,1,0,2024,1,0,2024,2,2,False,False,False,True,False,False,False,False,False,False
950,15000,5,0,12,16,40,2024,1,1,2024,1,3,2024,3,1,False,True,False,False,False,False,True,False,False,False
830,9500,4,1,14,18,42,2024,1,2,2024,1,6,2024,3,6,False,False,True,False,False,False,False,True,False,False
910,18000,5,0,13,19,42,2024,1,3,2024,1,1,2024,3,1,False,False,False,True,True,False,False,False,False,False
860,11000,4,0,15,21,42,2024,1,4,2024,2,4,2024,3,4,True,False,False,False,False,False,False,False,True,False
900,13500,4,1,12,23,42,2024,1,5,2024,2,0,2024,3,0,False,True,False,False,False,True,False,False,False,False
810,6500,3,2,17,25,41,2024,1,6,2024,2,3,2024,3,2,False,False,False,False,False,False,False,False,False,True
890,16000,5,0,13,26,41,2024,1,0,2024,2,5,2024,3,4,False,False,False,True,False,False,True,False,False,False
930,9500,4,0,14,27,42,2024,1,1,2024,2,0,2024,3,0,False,True,False,False,False,False,False,False,False,False
840,22000,4,1,16,29,42,2024,1,2,2024,2,3,2024,3,3,True,False,False,False,False,False,False,True,False,False
870,8000,5,0,13,31,41,2024,1,3,2024,2,6,2024,3,5,False,False,True,False,True,False,False,False,False,False
960,17500,3,2,15,32,42,2024,1,4,2024,2,1,2024,4,1,False,False,False,True,False,False,False,False,True,False
820,10500,4,1,14,33,43,2024,1,5,2024,2,3,2024,4,4,False,True,False,False,False,False,False,False,False,True
940,19000,5,0,12,35,43,2024,1,6,2024,2,6,2024,4,0,True,False,False,False,False,True,False,False,False,False
800,5500,4,1,18,37,42,2024,1,0,2024,2,2,2024,4,2,False,False,False,False,False,False,False,False,False,False
910,14000,4,0,13,39,41,2024,1,1,2024,3,5,2024,4,4,False,False,False,True,False,False,False,True,False,False
880,11500,5,0,14,41,41,2024,1,2,2024,3,1,2024,4,0,False,True,False,False,True,False,False,False,False,False
860,24000,3,3,16,43,41,2024,1,3,2024,3,4,2024,4,3,True,False,False,False,False,False,True,False,False,False
920,9000,4,1,15,44,41,2024,1,4,2024,3,6,2024,4,5,False,False,True,False,False,False,False,False,True,False
850,16500,5,0,12,45,41,2024,1,5,2024,3,1,2024,4,0,False,False,False,True,False,False,False,False,False,True
890,12500,4,1,14,47,41,2024,1,6,2024,3,4,2024,4,3,False,True,False,False,False,True,False,False,False,False
830,20000,5,0,15,49,41,2024,1,0,2024,3,0,2024,4,6,True,False,False,False,False,False,False,False,False,False
950,7000,3,1,19,50,41,2024,1,1,2024,3,2,2024,4,1,False,False,False,False,False,False,False,True,False,False
870,15000,4,0,13,51,41,2024,1,2,2024,3,4,2024,5,3,False,False,False,True,True,False,False,False,False,False
900,10000,5,0,14,53,41,2024,2,3,2024,3,0,2024,5,6,False,True,False,False,False,False,True,False,False,False
840,23000,4,2,16,55,41,2024,2,4,2024,3,3,2024,5,2,True,False,False,False,False,False,False,False,True,False
910,8500,4,1,15,56,41,2024,2,5,2024,3,5,2024,5,4,False,False,True,False,False,False,False,False,False,True
880,14500,4,1,13,58,40,2024,2,6,2024,4,1,2024,5,6,False,False,False,True,False,False,False,False,False,False
920,10500,5,0,14,60,40,2024,2,0,2024,4,4,2024,5,2,False,True,False,False,False,False,False,True,False,False
850,21500,3,2,16,62,40,2024,2,1,2024,4,0,2024,5,5,True,False,False,False,True,False,False,False,False,False
940,18500,5,0,12,63,40,2024,2,2,2024,4,2,2024,5,0,False,False,False,True,False,False,True,False,False,False
810,7500,4,1,14,64,40,2024,2,3,2024,4,4,2024,5,2,False,True,False,False,False,False,False,False,True,False
900,9500,4,0,17,66,40,2024,2,4,2024,4,0,2024,5,5,False,False,False,False,False,True,False,False,False,False
870,17000,5,0,13,68,40,2024,2,5,2024,4,3,2024,5,1,False,False,False,True,False,False,False,False,False,True
830,12000,4,1,15,69,40,2024,2,6,2024,4,5,2024,5,3,True,False,False,False,False,False,False,False,False,False
960,14000,3,1,14,70,40,2024,2,0,2024,4,0,2024,6,5,False,True,False,False,False,False,False,True,False,False
820,6000,5,0,16,72,40,2024,2,1,2024,4,3,2024,6,1,False,False,True,False,True,False,False,False,False,False
910,19500,4,2,13,74,40,2024,2,2,2024,4,6,2024,6,4,False,False,False,True,False,False,True,False,False,False
890,11000,5,0,12,75,40,2024,2,3,2024,4,1,2024,6,6,False,True,False,False,False,False,False,False,True,False
840,22500,4,1,15,76,40,2024,2,4,2024,5,3,2024,6,1,True,False,False,False,False,True,False,False,False,False
930,8000,4,1,18,78,40,2024,2,5,2024,5,6,2024,6,4,False,False,False,False,False,False,False,False,False,True
800,13000,3,2,14,80,40,2024,2,6,2024,5,2,2024,6,0,False,False,False,True,False,False,False,False,False,False
950,15500,5,0,13,81,40,2024,2,0,2024,5,4,2024,6,2,False,True,False,False,False,False,False,True,False,False
860,10000,4,0,15,82,40,2024,2,1,2024,5,6,2024,6,4,True,False,False,False,True,False,False,False,False,False
920,20500,4,1,16,84,40,2024,2,2,2024,5,2,2024,6,0,False,False,True,False,False,False,True,False,False,False
880,12500,5,0,12,86,40,2024,2,3,2024,5,5,2024,6,3,False,False,False,True,False,False,False,False,True,False
810,7000,3,1,14,87,40,2024,2,4,2024,5,0,2024,6,5,False,True,False,False,False,True,False,False,False,False
940,25000,5,0,15,88,40,2024,2,5,2024,5,2,2024,7,0,True,False,False,False,False,False,False,False,False,True
830,5000,4,2,20,90,40,2024,2,6,2024,5,5,2024,7,3,False,False,False,False,False,False,False,False,False,False
900,18000,4,1,13,92,40,2024,2,0,2024,5,1,2024,7,6,False,False,False,True,False,False,False,True,False,False
870,13500,5,0,14,93,40,2024,2,1,2024,5,3,2024,7,1,False,True,False,False,True,False,False,False,False,False
890,21000,3,1,16,95,40,2024,2,2,2024,6,6,2024,7,4,True,False,False,False,False,False,True,False,False,False
920,9500,4,0,15,96,40,2024,3,4,2024,6,2,2024,7,0,False,False,True,False,False,False,False,False,True,False
850,17000,5,0,12,98,40,2024,3,5,2024,6,5,2024,7,3,False,False,False,True,False,True,False,False,False,False
910,11500,4,1,14,99,40,2024,3,6,2024,6,0,2024,7,5,False,True,False,False,False,False,False,False,False,True
840,23500,5,0,15,100,40,2024,3,0,2024,6,2,2024,7,0,True,False,False,False,False,False,False,False,False,False
930,6500,3,2,19,102,40,2024,3,1,2024,6,5,2024,7,3,False,False,False,False,False,False,False,True,False,False
820,15500,4,0,13,104,40,2024,3,2,2024,6,1,2024,7,6,False,False,False,True,True,False,False,False,False,False
960,10000,5,0,14,105,40,2024,3,3,2024,6,3,2024,7,1,False,True,False,False,False,False,True,False,False,False
800,20000,4,1,16,106,40,2024,3,4,2024,6,5,2024,8,3,True,False,False,False,False,False,False,False,True,False
940,8000,4,1,15,108,40,2024,3,5,2024,6,1,2024,8,6,False,False,True,False,False,True,False,False,False,False
880,19000,5,0,12,110,40,2024,3,6,2024,6,4,2024,8,2,False,False,False,True,False,False,False,False,False,True
860,12500,4,0,14,111,40,2024,3,0,2024,6,6,2024,8,4,False,True,False,False,False,False,False,False,False,False
910,22000,3,3,15,112,40,2024,3,1,2024,7,1,2024,8,6,True,False,False,False,False,False,False,True,False,False
850,7500,5,0,17,114,40,2024,3,2,2024,7,4,2024,8,2,False,False,False,False,True,False,False,False,False,False
920,14500,4,1,13,116,40,2024,3,3,2024,7,0,2024,8,5,False,False,False,True,False,False,True,False,False,False
830,10500,4,0,14,117,40,2024,3,4,2024,7,2,2024,8,0,False,True,False,False,False,False,False,False,True,False
950,25000,5,0,16,118,40,2024,3,5,2024,7,4,2024,8,2,True,False,False,False,False,True,False,False,False,False
810,5500,3,1,16,120,40,2024,3,6,2024,7,0,2024,8,5,False,False,True,False,False,False,False,False,False,True
900,17500,5,0,12,122,40,2024,3,0,2024,7,3,2024,8,1,False,False,False,True,False,False,False,False,False,False
870,13000,4,1,14,123,40,2024,3,1,2024,7,5,2024,8,3,False,True,False,False,False,False,False,True,False,False
890,21500,4,0,15,124,40,2024,3,2,2024,7,0,2024,8,5,True,False,False,False,True,False,False,False,False,False
930,9000,3,2,19,126,41,2024,3,3,2024,7,3,2024,9,2,False,False,False,False,False,False,True,False,False,False
840,16000,5,0,13,128,41,2024,3,4,2024,7,6,2024,9,5,False,False,False,True,False,False,False,False,True,False
910,11000,4,1,14,129,41,2024,3,5,2024,7,1,2024,9,0,False,True,False,False,False,True,False,False,False,False
820,23000,5,0,16,131,40,2024,3,6,2024,8,4,2024,9,2,True,False,False,False,False,False,False,False,False,True
960,6500,4,1,15,133,40,2024,3,0,2024,8,0,2024,9,5,False,False,True,False,False,False,False,False,False,False
800,18500,3,1,12,135,40,2024,3,1,2024,8,3,2024,9,1,False,False,False,True,False,False,False,True,False,False
940,14500,5,0,14,136,40,2024,3,2,2024,8,5,2024,9,3,False,True,False,False,True,False,False,False,False,False
880,20500,4,2,15,137,40,2024,3,3,2024,8,0,2024,9,5,True,False,False,False,False,False,True,False,False,False
860,8000,4,0,18,139,40,2024,3,4,2024,8,3,2024,9,1,False,False,False,False,False,False,False,False,True,False
900,17000,5,0,13,141,40,2024,3,5,2024,8,6,2024,9,4,False,False,False,True,False,True,False,False,False,False
850,12000,3,1,14,142,40,2024,3,6,2024,8,1,2024,9,6,False,True,False,False,False,False,False,False,False,True
920,24500,4,1,16,143,40,2024,4,0,2024,8,3,2024,10,1,True,False,False,False,False,False,False,False,False,False
830,6000,5,0,16,145,40,2024,4,1,2024,8,6,2024,10,4,False,False,True,False,False,False,False,True,False,False
910,19500,4,0,12,147,40,2024,4,2,2024,8,2,2024,10,0,False,False,False,True,True,False,False,False,False,False
870,10500,4,1,14,148,40,2024,4,3,2024,8,4,2024,10,2,False,True,False,False,False,False,True,False,False,False
890,22500,5,0,15,150,40,2024,4,4,2024,9,0,2024,10,5,True,False,False,False,False,False,False,False,True,False
950,7500,3,2,19,152,40,2024,4,5,2024,9,3,2024,10,1,False,False,False,False,False,True,False,False,False,False
840,15000,5,0,13,154,40,2024,4,6,2024,9,6,2024,10,4,False,False,False,True,False,False,False,False,False,True
900,13500,4,1,14,155,40,2024,4,0,2024,9,1,2024,10,6,False,True,False,False,False,False,False,False,False,False
820,21000,4,0,16,156,40,2024,4,1,2024,9,3,2024,10,1,True,False,False,False,False,False,False,True,False,False
960,9500,5,0,15,158,40,2024,4,2,2024,9,6,2024,10,4,False,False,True,False,True,False,False,False,False,False
810,18000,3,1,12,160,40,2024,4,3,2024,9,2,2024,10,0,False,False,False,True,False,False,True,False,False,False
940,11500,4,1,14,161,40,2024,4,4,2024,9,4,2024,10,2,False,True,False,False,False,False,False,False,True,False
880,23500,5,0,15,162,40,2024,4,5,2024,9,6,2024,11,4,True,False,False,False,False,True,False,False,False,False
860,5000,4,2,20,164,40,2024,4,6,2024,9,2,2024,11,0,False,False,False,False,False,False,False,False,False,True
850,16500,4,0,13,166,40,2024,4,0,2024,9,5,2024,11,3,False,False,False,True,False,False,False,False,False,False
920,12000,5,0,14,167,40,2024,4,1,2024,9,0,2024,11,5,False,True,False,False,False,False,False,True,False,False
830,20000,3,1,16,168,40,2024,4,2,2024,10,2,2024,11,0,True,False,False,False,True,False,False,False,False,False
950,17500,5,0,12,170,40,2024,4,3,2024,10,5,2024,11,3,False,False,False,True,False,False,True,False,False,False
810,8500,4,1,14,172,40,2024,4,4,2024,10,1,2024,11,6,False,True,False,False,False,False,False,False,True,False
900,22000,4,0,15,173,40,2024,4,5,2024,10,3,2024,11,1,True,False,False,False,False,True,False,False,False,False
870,10000,5,0,16,174,40,2024,4,6,2024,10,5,2024,11,3,False,False,True,False,False,False,False,False,False,True
890,19000,4,1,13,176,40,2024,4,0,2024,10,1,2024,11,6,False,False,False,True,False,False,False,False,False,False
930,13000,3,2,14,178,40,2024,4,1,2024,10,4,2024,11,2,False,True,False,False,False,False,False,True,False,False
840,24000,5,0,15,179,40,2024,4,2,2024,10,6,2024,11,4,True,False,False,False,True,False,False,False,False,False
960,6000,4,1,19,180,40,2024,4,3,2024,10,1,2024,12,6,False,False,False,False,False,False,True,False,False,False
820,15000,4,0,13,182,40,2024,4,4,2024,10,4,2024,12,2,False,False,False,True,False,False,False,False,True,False
940,11000,5,0,14,184,40,2024,4,5,2024,10,0,2024,12,5,False,True,False,False,False,True,False,False,False,False
800,23000,3,1,16,185,40,2024,4,6,2024,10,2,2024,12,0,True,False,False,False,False,False,False,False,False,True
910,7500,4,1,15,187,40,2024,4,0,2024,11,5,2024,12,3,False,False,True,False,False,False,False,False,False,False
880,18000,5,0,12,189,40,2024,4,1,2024,11,1,2024,12,6,False,False,False,True,False,False,False,True,False,False
860,12500,4,2,14,191,40,2024,5,2,2024,11,4,2024,12,2,False,True,False,False,True,False,False,False,False,False
920,21500,5,0,15,192,40,2024,5,3,2024,11,6,2024,12,4,True,False,False,False,False,False,True,False,False,False
850,9500,4,1,18,193,40,2024,5,4,2024,11,1,2024,12,6,False,False,False,False,False,False,False,False,True,False
890,17000,3,1,13,195,40,2024,5,5,2024,11,4,2024,12,2,False,False,False,True,False,True,False,False,False,False
830,14000,5,0,14,197,40,2024,5,6,2024,11,0,2024,12,5,False,True,False,False,False,False,False,False,False,True
950,20500,4,0,16,198,40,2024,5,0,2024,11,2,2024,12,0,True,False,False,False,False,False,False,False,False,False
810,8000,4,1,15,199,40,2024,5,1,2024,11,4,2025,1,2,False,False,True,False,False,False,False,True,False,False
900,19500,5,0,12,201,40,2024,5,2,2024,11,0,2025,1,5,False,False,False,True,True,False,False,False,False,False
870,10000,4,1,14,203,40,2024,5,3,2024,11,3,2025,1,1,False,True,False,False,False,False,True,False,False,False
890,22500,3,2,15,204,40,2024,5,4,2024,11,5,2025,1,3,True,False,False,False,False,False,False,False,True,False
930,7000,5,0,17,205,40,2024,5,5,2024,12,0,2025,1,5,False,False,False,False,False,True,False,False,False,False
840,16000,4,1,13,207,40,2024,5,6,2024,12,3,2025,1,1,False,False,False,True,False,False,False,False,False,True
910,11500,4,0,14,209,40,2024,5,0,2024,12,6,2025,1,4,False,True,False,False,False,False,False,False,False,False
820,24500,5,0,16,210,40,2024,5,1,2024,12,1,2025,1,6,True,False,False,False,False,False,False,True,False,False
960,9000,3,1,16,211,40,2024,5,2,2024,12,3,2025,1,1,False,False,True,False,True,False,False,False,False,False
800,18500,4,1,12,213,40,2024,5,3,2024,12,6,2025,1,4,False,False,False,True,False,False,True,False,False,False
940,15000,5,0,14,215,40,2024,5,4,2024,12,2,2025,1,0,False,True,False,False,False,False,False,False,True,False
880,20000,4,2,15,216,40,2024,5,5,2024,12,4,2025,1,2,True,False,False,False,False,True,False,False,False,False
860,6500,4,0,18,217,40,2024,5,6,2024,12,6,2025,1,4,False,False,False,False,False,False,False,False,False,True
900,17500,5,0,13,219,41,2024,5,0,2024,12,2,2025,2,1,False,False,False,True,False,False,False,False,False,False
850,12000,3,1,14,221,41,2024,5,1,2024,12,5,2025,2,4,False,True,False,False,False,False,False,True,False,False
920,23000,5,0,16,222,41,2024,5,2,2024,12,0,2025,2,6,True,False,False,False,True,False,False,False,False,False
830,10500,4,1,15,224,40,2024,5,3,2025,1,3,2025,2,1,False,False,True,False,False,False,True,False,False,False
950,19000,4,0,12,226,40,2024,5,4,2025,1,6,2025,2,4,False,False,False,True,False,False,False,False,True,False
810,13500,5,0,14,228,40,2024,5,5,2025,1,2,2025,2,0,False,True,False,False,False,True,False,False,False,False
900,25000,3,2,16,229,40,2024,5,6,2025,1,4,2025,2,2,True,False,False,False,False,False,False,False,False,True
870,8500,4,1,17,230,40,2024,5,0,2025,1,6,2025,2,4,False,False,False,False,False,False,False,False,False,False
890,16500,5,0,13,232,40,2024,5,1,2025,1,2,2025,2,0,False,False,False,True,False,False,False,True,False,False
930,11000,4,0,14,234,40,2024,5,2,2025,1,5,2025,2,3,False,True,False,False,True,False,False,False,False,False
840,22000,5,0,15,235,40,2024,5,3,2025,1,0,2025,3,5,True,False,False,False,False,False,True,False,False,False
960,7000,4,1,16,236,40,2024,5,4,2025,1,2,2025,3,0,False,False,True,False,False,False,False,False,True,False
820,18000,3,1,12,238,40,2024,6,5,2025,1,5,2025,3,3,False,False,False,True,False,True,False,False,False,False
940,14500,5,0,14,240,40,2024,6,6,2025,1,1,2025,3,6,False,True,False,False,False,False,False,False,False,True
800,21000,4,2,15,241,40,2024,6,0,2025,1,3,2025,3,1,True,False,False,False,False,False,False,False,False,False
910,9500,4,0,18,243,40,2024,6,1,2025,2,6,2025,3,4,False,False,False,False,False,False,False,True,False,False
880,15500,5,0,13,245,40,2024,6,2,2025,2,2,2025,3,0,False,False,False,True,True,False,False,False,False,False
860,10000,3,1,14,247,40,2024,6,3,2025,2,5,2025,3,3,False,True,False,False,False,False,True,False,False,False
920,23500,4,1,16,248,40,2024,6,4,2025,2,0,2025,3,5,True,False,False,False,False,False,False,False,True,False
850,6000,5,0,15,249,40,2024,6,5,2025,2,2,2025,3,0,False,False,True,False,False,True,False,False,False,False
890,19000,4,0,12,251,40,2024,6,6,2025,2,5,2025,3,3,False,False,False,True,False,False,False,False,False,True
830,12500,5,0,14,253,40,2024,6,0,2025,2,1,2025,3,6,False,True,False,False,False,False,False,False,False,False
950,20000,4,2,15,254,40,2024,6,1,2025,2,3,2025,4,1,True,False,False,False,False,False,False,True,False,False
810,7500,3,1,19,255,40,2024,6,2,2025,2,5,2025,4,3,False,False,False,False,True,False,False,False,False,False
900,18000,5,0,13,257,40,2024,6,3,2025,2,1,2025,4,6,False,False,False,True,False,False,True,False,False,False
870,13000,4,1,14,259,40,2024,6,4,2025,2,4,2025,4,2,False,True,False,False,False,False,False,False,True,False
890,24000,4,0,16,260,40,2024,6,5,2025,3,6,2025,4,4,True,False,False,False,False,True,False,False,False,False
930,9000,5,0,16,262,40,2024,6,6,2025,3,2,2025,4,0,False,False,True,False,False,False,False,False,False,True
840,16500,3,1,12,264,40,2024,6,0,2025,3,5,2025,4,3,False,False,False,True,False,False,False,False,False,False
910,11500,4,1,14,265,40,2024,6,1,2025,3,0,2025,4,5,False,True,False,False,False,False,False,True,False,False
820,22500,5,0,15,266,40,2024,6,2,2025,3,2,2025,4,0,True,False,False,False,True,False,False,False,False,False
960,8000,4,2,18,268,40,2024,6,3,2025,3,5,2025,4,3,False,False,False,False,False,False,True,False,False,False
800,15000,5,0,13,270,40,2024,6,4,2025,3,1,2025,4,6,False,False,False,True,False,False,False,False,True,False
940,10000,4,0,14,271,40,2024,6,5,2025,3,3,2025,4,1,False,True,False,False,False,True,False,False,False,False
880,21000,3,1,16,272,40,2024,6,6,2025,3,5,2025,5,3,True,False,False,False,False,False,False,False,False,True
860,6500,4,1,15,274,40,2024,6,0,2025,3,1,2025,5,6,False,False,True,False,False,False,False,False,False,False
900,19500,5,0,12,276,40,2024,6,1,2025,3,4,2025,5,2,False,False,False,True,False,False,False,True,False,False
850,13500,4,2,14,277,40,2024,6,2,2025,3,6,2025,5,4,False,True,False,False,True,False,False,False,False,False
920,20500,4,0,15,279,40,2024,6,3,2025,4,2,2025,5,0,True,False,False,False,False,False,True,False,False,False
830,9500,5,0,17,281,40,2024,6,4,2025,4,5,2025,5,3,False,False,False,False,False,False,False,False,True,False
950,17000,3,1,13,283,40,2024,6,5,2025,4,1,2025,5,6,False,False,False,True,False,True,False,False,False,False
810,12000,4,1,14,284,40,2024,6,6,2025,4,3,2025,5,1,False,True,False,False,False,False,False,False,False,True
900,23000,5,0,16,285,40,2024,7,0,2025,4,5,2025,5,3,True,False,False,False,False,False,False,False,False,False
870,8000,4,0,16,287,40,2024,7,1,2025,4,1,2025,5,6,False,False,True,False,False,False,False,True,False,False
890,18500,5,0,12,289,40,2024,7,2,2025,4,4,2025,5,2,False,False,False,True,True,False,False,False,False,False
930,14000,4,2,14,290,40,2024,7,3,2025,4,6,2025,5,4,False,True,False,False,False,False,True,False,False,False
840,25000,4,1,15,291,40,2024,7,4,2025,4,1,2025,6,6,True,False,False,False,False,False,False,False,True,False
960,6500,3,1,19,293,40,2024,7,5,2025,4,4,2025,6,2,False,False,False,False,False,True,False,False,False,False
820,16000,5,0,13,295,40,2024,7,6,2025,4,0,2025,6,5,False,False,False,True,False,False,False,False,False,True
940,10500,4,0,14,296,40,2024,7,0,2025,4,2,2025,6,0,False,True,False,False,False,False,False,False,False,False
800,22000,5,0,16,297,40,2024,7,1,2025,5,4,2025,6,2,True,False,False,False,False,False,False,True,False,False
910,10000,4,1,15,299,40,2024,7,2,2025,5,0,2025,6,5,False,False,True,False,True,False,False,False,False,False
880,19500,3,2,12,301,40,2024,7,3,2025,5,3,2025,6,1,False,False,False,True,False,False,True,False,False,False
860,13000,5,0,14,302,40,2024,7,4,2025,5,5,2025,6,3,False,True,False,False,False,False,False,False,True,False
920,21500,4,1,15,303,40,2024,7,5,2025,5,0,2025,6,5,True,False,False,False,False,True,False,False,False,False
850,8500,4,0,18,305,40,2024,7,6,2025,5,3,2025,6,1,False,False,False,False,False,False,False,False,False,True
890,17000,5,0,13,307,40,2024,7,0,2025,5,6,2025,6,4,False,False,False,True,False,False,False,False,False,False
830,12000,3,1,14,308,40,2024,7,1,2025,5,1,2025,6,6,False,True,False,False,False,False,False,True,False,False
950,24000,5,0,16,309,40,2024,7,2,2025,5,3,2025,7,1,True,False,False,False,True,False,False,False,False,False
810,7500,4,1,16,311,40,2024,7,3,2025,5,6,2025,7,4,False,False,True,False,False,False,True,False,False,False
900,18500,4,0,12,313,40,2024,7,4,2025,5,2,2025,7,0,False,False,False,True,False,False,False,False,True,False
870,13500,5,0,14,314,40,2024,7,5,2025,5,4,2025,7,2,False,True,False,False,False,True,False,False,False,False
890,20000,3,2,15,316,40,2024,7,6,2025,6,0,2025,7,5,True,False,False,False,False,False,False,False,False,True
930,9000,4,1,17,318,40,2024,7,0,2025,6,3,2025,7,1,False,False,False,False,False,False,False,False,False,False
840,16000,5,0,13,320,40,2024,7,1,2025,6,6,2025,7,4,False,False,False,True,False,False,False,True,False,False
910,11000,4,0,14,321,40,2024,7,2,2025,6,1,2025,7,6,False,True,False,False,True,False,False,False,False,False
820,22500,5,0,16,322,40,2024,7,3,2025,6,3,2025,7,1,True,False,False,False,False,False,True,False,False,False
960,6000,4,1,15,324,40,2024,7,4,2025,6,6,2025,7,4,False,False,True,False,False,False,False,False,True,False
800,19500,3,1,12,326,40,2024,7,5,2025,6,2,2025,7,0,False,False,False,True,False,True,False,False,False,False
940,15000,5,0,14,327,40,2024,7,6,2025,6,4,2025,7,2,False,True,False,False,False,False,False,False,False,True
880,20500,4,2,15,328,40,2024,7,0,2025,6,6,2025,8,4,True,False,False,False,False,False,False,False,False,False
860,8000,4,0,18,330,40,2024,7,1,2025,6,2,2025,8,0,False,False,False,False,False,False,False,True,False,False
900,17000,5,0,13,332,40,2024,7,2,2025,6,5,2025,8,3,False,False,False,True,True,False,False,False,False,False
850,12000,3,1,14,333,40,2024,8,3,2025,6,0,2025,8,5,False,True,False,False,False,False,True,False,False,False
920,23500,5,0,16,334,40,2024,8,4,2025,7,2,2025,8,0,True,False,False,False,False,False,False,False,True,False
830,10000,4,1,15,336,40,2024,8,5,2025,7,5,2025,8,3,False,False,True,False,False,True,False,False,False,False
950,18000,4,0,12,338,40,2024,8,6,2025,7,1,2025,8,6,False,False,False,True,False,False,False,False,False,True
810,13500,5,0,14,339,40,2024,8,0,2025,7,3,2025,8,1,False,True,False,False,False,False,False,False,False,False
900,22000,3,2,15,340,40,2024,8,1,2025,7,5,2025,8,3,True,False,False,False,False,False,False,True,False,False
870,7000,4,1,19,342,40,2024,8,2,2025,7,1,2025,8,6,False,False,False,False,True,False,False,False,False,False
890,19000,5,0,13,344,40,2024,8,3,2025,7,4,2025,8,2,False,False,False,True,False,False,True,False,False,False
930,11500,4,0,14,345,40,2024,8,4,2025,7,6,2025,8,4,False,True,False,False,False,False,False,False,True,False
840,24500,5,0,16,346,40,2024,8,5,2025,7,1,2025,8,6,True,False,False,False,False,True,False,False,False,False
960,9500,4,1,16,348,41,2024,8,6,2025,7,4,2025,9,3,False,False,True,False,False,False,False,False,False,True
820,16000,3,1,12,350,41,2024,8,0,2025,7,0,2025,9,6,False,False,False,True,False,False,False,False,False,False
940,12500,5,0,14,351,41,2024,8,1,2025,7,2,2025,9,1,False,True,False,False,False,False,False,True,False,False
800,21000,4,2,15,353,40,2024,8,2,2025,8,5,2025,9,3,True,False,False,False,True,False,False,False,False,False
910,8000,4,0,18,355,40,2024,8,3,2025,8,1,2025,9,6,False,False,False,False,False,False,True,False,False,False
880,17500,5,0,13,357,40,2024,8,4,2025,8,4,2025,9,2,False,False,False,True,False,False,False,False,True,False
860,13000,3,1,14,358,40,2024,8,5,2025,8,6,2025,9,4,False,True,False,False,False,True,False,False,False,False
920,23000,5,0,16,359,40,2024,8,6,2025,8,1,2025,9,6,True,False,False,False,False,False,False,False,False,True
850,6000,4,1,15,361,40,2024,8,0,2025,8,4,2025,9,2,False,False,True,False,False,False,False,False,False,False
890,20000,4,0,12,363,40,2024,8,1,2025,8,0,2025,9,5,False,False,False,True,False,False,False,True,False,False
830,10500,5,0,14,364,40,2024,8,2,2025,8,2,2025,9,0,False,True,False,False,True,False,False,False,False,False
950,22000,4,2,15,365,40,2024,8,3,2025,8,4,2025,10,2,True,False,False,False,False,False,True,False,False,False
810,7500,3,1,19,367,40,2024,8,4,2025,8,0,2025,10,5,False,False,False,False,False,False,False,False,True,False
900,18500,5,0,13,369,40,2024,8,5,2025,8,3,2025,10,1,False,False,False,True,False,True,False,False,False,False
870,14000,4,1,14,370,40,2024,8,6,2025,8,5,2025,10,3,False,True,False,False,False,False,False,False,False,True
890,25000,4,0,16,372,40,2024,8,0,2025,9,1,2025,10,6,True,False,False,False,False,False,False,False,False,False
930,9500,5,0,16,374,40,2024,8,1,2025,9,4,2025,10,2,False,False,True,False,False,False,False,True,False,False
840,16000,3,1,12,376,40,2024,8,2,2025,9,0,2025,10,5,False,False,False,True,True,False,False,False,False,False
910,11000,4,1,14,377,40,2024,8,3,2025,9,2,2025,10,0,False,True,False,False,False,False,True,False,False,False
820,23000,5,0,15,378,40,2024,8,4,2025,9,4,2025,10,2,True,False,False,False,False,False,False,False,True,False
960,8000,4,2,18,380,40,2024,8,5,2025,9,0,2025,10,5,False,False,False,False,False,True,False,False,False,False
800,17000,5,0,13,382,40,2024,9,6,2025,9,3,2025,10,1,False,False,False,True,False,False,False,False,False,True
940,12500,4,0,14,383,40,2024,9,0,2025,9,5,2025,10,3,False,True,False,False,False,False,False,False,False,False
880,21500,3,1,16,384,40,2024,9,1,2025,9,0,2025,11,5,True,False,False,False,False,False,False,True,False,False
860,6500,4,1,15,386,40,2024,9,2,2025,9,3,2025,11,1,False,False,True,False,True,False,False,False,False,False
900,20000,5,0,12,388,40,2024,9,3,2025,9,6,2025,11,4,False,False,False,True,False,False,True,False,False,False
850,15000,4,2,14,389,40,2024,9,4,2025,9,1,2025,11,6,False,True,False,False,False,False,False,False,True,False
920,20500,4,0,15,390,40,2024,9,5,2025,10,3,2025,11,1,True,False,False,False,False,True,False,False,False,False
830,9000,5,0,17,392,40,2024,9,6,2025,10,6,2025,11,4,False,False,False,False,False,False,False,False,False,True
950,18000,3,1,13,394,40,2024,9,0,2025,10,2,2025,11,0,False,False,False,True,False,False,False,False,False,False
810,13000,4,1,14,395,40,2024,9,1,2025,10,4,2025,11,2,False,True,False,False,False,False,False,True,False,False
900,24000,5,0,16,396,40,2024,9,2,2025,10,6,2025,11,4,True,False,False,False,True,False,False,False,False,False
870,7500,4,0,16,398,40,2024,9,3,2025,10,2,2025,11,0,False,False,True,False,False,False,True,False,False,False
890,17000,5,0,12,400,40,2024,9,4,2025,10,5,2025,11,3,False,False,False,True,False,False,False,False,True,False
930,11500,4,2,14,401,40,2024,9,5,2025,10,0,2025,11,5,False,True,False,False,False,True,False,False,False,False
840,22500,4,1,15,402,40,2024,9,6,2025,10,2,2025,12,0,True,False,False,False,False,False,False,False,False,True
960,8500,3,1,19,404,40,2024,9,0,2025,10,5,2025,12,3,False,False,False,False,False,False,False,False,False,False
820,19000,5,0,13,406,40,2024,9,1,2025,10,1,2025,12,6,False,False,False,True,False,False,False,True,False,False
940,14000,4,0,14,407,40,2024,9,2,2025,10,3,2025,12,1,False,True,False,False,True,False,False,False,False,False
800,21000,5,0,16,409,40,2024,9,3,2025,11,6,2025,12,4,True,False,False,False,False,False,True,False,False,False
910,6000,4,1,15,411,40,2024,9,4,2025,11,2,2025,12,0,False,False,True,False,False,False,False,False,True,False
880,20000,3,2,12,413,40,2024,9,5,2025,11,5,2025,12,3,False,False,False,True,False,True,False,False,False,False
860,10500,5,0,14,414,40,2024,9,6,2025,11,0,2025,12,5,False,True,False,False,False,False,False,False,False,True
920,23000,4,1,15,415,40,2024,9,0,2025,11,2,2025,12,0,True,False,False,False,False,False,False,False,False,False
850,9500,4,0,18,417,40,2024,9,1,2025,11,5,2025,12,3,False,False,False,False,False,False,False,True,False,False
890,17500,5,0,13,419,40,2024,9,2,2025,11,1,2025,12,6,False,False,False,True,True,False,False,False,False,False
830,12500,3,1,14,420,40,2024,9,3,2025,11,3,2025,12,1,False,True,False,False,False,False,True,False,False,False
950,24500,5,0,16,421,40,2024,9,4,2025,11,5,2026,1,3,True,False,False,False,False,False,False,False,True,False
810,7000,4,1,16,423,40,2024,9,5,2025,11,1,2026,1,6,False,False,True,False,False,True,False,False,False,False
900,19500,4,0,12,425,40,2024,9,6,2025,11,4,2026,1,2,False,False,False,True,False,False,False,False,False,True
870,14500,5,0,14,426,40,2024,9,0,2025,11,6,2026,1,4,False,True,False,False,False,False,False,False,False,False
890,21500,3,2,15,427,40,2024,10,1,2025,12,1,2026,1,6,True,False,False,False,False,False,False,True,False,False
930,8000,4,1,19,429,40,2024,10,2,2025,12,4,2026,1,2,False,False,False,False,True,False,False,False,False,False
840,18000,5,0,13,431,40,2024,10,3,2025,12,0,2026,1,5,False,False,False,True,False,False,True,False,False,False
910,13000,4,0,14,432,40,2024,10,4,2025,12,2,2026,1,0,False,True,False,False,False,False,False,False,True,False
820,23500,5,0,16,433,40,2024,10,5,2025,12,4,2026,1,2,True,False,False,False,False,True,False,False,False,False
960,9000,4,1,15,435,40,2024,10,6,2025,12,0,2026,1,5,False,False,True,False,False,False,False,False,False,True
800,16500,3,1,12,437,40,2024,10,0,2025,12,3,2026,1,1,False,False,False,True,False,False,False,False,False,False
940,11000,5,0,14,438,40,2024,10,1,2025,12,5,2026,1,3,False,True,False,False,False,False,False,True,False,False
880,22000,4,2,15,439,40,2024,10,2,2025,12,0,2026,1,5,True,False,False,False,True,False,False,False,False,False
860,7500,4,0,18,441,41,2024,10,3,2025,12,3,2026,2,2,False,False,False,False,False,False,True,False,False,False
900,19000,5,0,13,443,41,2024,10,4,2025,12,6,2026,2,5,False,False,False,True,False,False,False,False,True,False
850,14500,3,1,14,444,41,2024,10,5,2025,12,1,2026,2,0,False,True,False,False,False,True,False,False,False,False
920,20500,5,0,16,446,40,2024,10,6,2026,1,4,2026,2,2,True,False,False,False,False,False,False,False,False,True
830,6500,4,1,15,448,40,2024,10,0,2026,1,0,2026,2,5,False,False,True,False,False,False,False,False,False,False
950,20000,4,0,12,450,40,2024,10,1,2026,1,3,2026,2,1,False,False,False,True,False,False,False,True,False,False
810,10000,5,0,14,451,40,2024,10,2,2026,1,5,2026,2,3,False,True,False,False,True,False,False,False,False,False
900,23000,4,2,15,452,40,2024,10,3,2026,1,0,2026,2,5,True,False,False,False,False,False,True,False,False,False
870,9000,3,1,19,454,40,2024,10,4,2026,1,3,2026,2,1,False,False,False,False,False,False,False,False,True,False
890,17500,5,0,13,456,40,2024,10,5,2026,1,6,2026,2,4,False,False,False,True,False,True,False,False,False,False
930,12500,4,1,14,457,40,2024,10,6,2026,1,1,2026,3,6,False,True,False,False,False,False,False,False,False,True
840,24500,5,0,16,458,40,2024,10,0,2026,1,3,2026,3,1,True,False,False,False,False,False,False,False,False,False
960,8000,4,0,16,460,40,2024,10,1,2026,1,6,2026,3,4,False,False,True,False,False,False,False,True,False,False
820,19500,3,1,12,462,40,2024,10,2,2026,1,2,2026,3,0,False,False,False,True,True,False,False,False,False,False
940,15000,5,0,14,463,40,2024,10,3,2026,1,4,2026,3,2,False,True,False,False,False,False,True,False,False,False
800,20000,4,2,15,465,40,2024,10,4,2026,2,0,2026,3,5,True,False,False,False,False,False,False,False,True,False
910,7000,4,0,18,467,40,2024,10,5,2026,2,3,2026,3,1,False,False,False,False,False,True,False,False,False,False
880,18000,5,0,13,469,40,2024,10,6,2026,2,6,2026,3,4,False,False,False,True,False,False,False,False,False,True
860,13000,3,1,14,470,40,2024,10,0,2026,2,1,2026,3,6,False,True,False,False,False,False,False,False,False,False
920,22500,5,0,16,471,40,2024,10,1,2026,2,3,2026,3,1,True,False,False,False,False,False,False,True,False,False
850,8500,4,1,15,473,40,2024,10,2,2026,2,6,2026,3,4,False,False,True,False,True,False,False,False,False,False
890,20000,4,0,12,475,40,2024,10,3,2026,2,2,2026,3,0,False,False,False,True,False,False,True,False,False,False
830,10000,5,0,14,476,40,2024,11,4,2026,2,4,2026,4,2,False,True,False,False,False,False,False,False,True,False
950,24000,4,2,15,477,40,2024,11,5,2026,2,6,2026,4,4,True,False,False,False,False,True,False,False,False,False
810,9500,3,1,19,479,40,2024,11,6,2026,2,2,2026,4,0,False,False,False,False,False,False,False,False,False,True
900,17500,5,0,13,481,40,2024,11,0,2026,2,5,2026,4,3,False,False,False,True,False,False,False,False,False,False
870,12500,4,1,14,482,40,2024,11,1,2026,3,0,2026,4,5,False,True,False,False,False,False,False,True,False,False
890,21000,4,0,16,484,40,2024,11,2,2026,3,3,2026,4,1,True,False,False,False,True,False,False,False,False,False
930,7000,5,0,16,486,40,2024,11,3,2026,3,6,2026,4,4,False,False,True,False,False,False,True,False,False,False
840,19500,3,1,12,487,40,2024,11,4,2026,3,1,2026,4,6,False,False,False,True,False,False,False,False,True,False
910,14000,4,1,14,488,40,2024,11,5,2026,3,3,2026,4,1,False,True,False,False,False,True,False,False,False,False
820,22000,5,0,15,490,40,2024,11,6,2026,3,6,2026,4,4,True,False,False,False,False,False,False,False,False,True
960,8500,4,2,18,492,40,2024,11,0,2026,3,2,2026,4,0,False,False,False,False,False,False,False,False,False,False
800,18000,5,0,13,493,40,2024,11,1,2026,3,4,2026,4,2,False,False,False,True,False,False,False,True,False,False
940,13000,4,0,14,494,40,2024,11,2,2026,3,6,2026,5,4,False,True,False,False,True,False,False,False,False,False
880,23500,3,1,16,496,40,2024,11,3,2026,3,2,2026,5,0,True,False,False,False,False,False,True,False,False,False
860,9000,4,1,15,498,40,2024,11,4,2026,3,5,2026,5,3,False,False,True,False,False,False,False,False,True,False
900,17000,5,0,12,499,40,2024,11,5,2026,3,0,2026,5,5,False,False,False,True,False,True,False,False,False,False
850,11500,4,2,14,501,40,2024,11,6,2026,4,3,2026,5,1,False,True,False,False,False,False,False,False,False,True
920,20500,4,0,15,503,40,2024,11,0,2026,4,6,2026,5,4,True,False,False,False,False,False,False,False,False,False
830,7500,5,0,17,505,40,2024,11,1,2026,4,2,2026,5,0,False,False,False,False,False,False,False,True,False,False
950,19500,3,1,13,506,40,2024,11,2,2026,4,4,2026,5,2,False,False,False,True,True,False,False,False,False,False
810,14500,4,1,14,507,40,2024,11,3,2026,4,6,2026,5,4,False,True,False,False,False,False,True,False,False,False
900,25000,5,0,16,509,40,2024,11,4,2026,4,2,2026,5,0,True,False,False,False,False,False,False,False,True,False
870,6000,4,0,16,511,40,2024,11,5,2026,4,5,2026,5,3,False,False,True,False,False,True,False,False,False,False
890,18000,5,0,12,512,40,2024,11,6,2026,4,0,2026,5,5,False,False,False,True,False,False,False,False,False,True
930,13000,4,2,14,513,40,2024,11,0,2026,4,2,2026,6,0,False,True,False,False,False,False,False,False,False,False
840,22000,4,1,15,515,40,2024,11,1,2026,4,5,2026,6,3,True,False,False,False,False,False,False,True,False,False
960,9500,3,1,19,517,40,2024,11,2,2026,4,1,2026,6,6,False,False,False,False,True,False,False,False,False,False
820,17000,5,0,13,518,40,2024,11,3,2026,4,3,2026,6,1,False,False,False,True,False,False,True,False,False,False
940,11000,4,0,14,519,40,2024,11,4,2026,5,5,2026,6,3,False,True,False,False,False,False,False,False,True,False
800,23000,5,0,16,521,40,2024,11,5,2026,5,1,2026,6,6,True,False,False,False,False,True,False,False,False,False
910,8000,4,1,15,523,40,2024,12,6,2026,5,4,2026,6,2,False,False,True,False,False,False,False,False,False,True
880,19000,3,2,12,524,40,2024,12,0,2026,5,6,2026,6,4,False,False,False,True,False,False,False,False,False,False
860,14000,5,0,14,525,40,2024,12,1,2026,5,1,2026,6,6,False,True,False,False,False,False,False,True,False,False
920,20500,4,1,15,527,40,2024,12,2,2026,5,4,2026,6,2,True,False,False,False,True,False,False,False,False,False
850,7000,4,0,18,529,40,2024,12,3,2026,5,0,2026,6,5,False,False,False,False,False,False,True,False,False,False
890,18500,5,0,13,530,40,2024,12,4,2026,5,2,2026,6,0,False,False,False,True,False,False,False,False,True,False
830,13500,3,1,14,531,40,2024,12,5,2026,5,4,2026,7,2,False,True,False,False,False,True,False,False,False,False
950,25000,5,0,16,533,40,2024,12,6,2026,5,0,2026,7,5,True,False,False,False,False,False,False,False,False,True
810,9500,4,1,16,535,40,2024,12,0,2026,5,3,2026,7,1,False,False,True,False,False,False,False,False,False,False
900,16000,4,0,12,536,40,2024,12,1,2026,5,5,2026,7,3,False,False,False,True,False,False,False,True,False,False
870,10500,5,0,14,538,40,2024,12,2,2026,6,1,2026,7,6,False,True,False,False,True,False,False,False,False,False
890,23000,4,2,15,540,40,2024,12,3,2026,6,4,2026,7,2,True,False,False,False,False,False,True,False,False,False
930,8000,3,1,19,542,40,2024,12,4,2026,6,0,2026,7,5,False,False,False,False,False,False,False,False,True,False
840,19000,5,0,13,543,40,2024,12,5,2026,6,2,2026,7,0,False,False,False,True,False,True,False,False,False,False
910,14000,4,1,14,544,40,2024,12,6,2026,6,4,2026,7,2,False,True,False,False,False,False,False,False,False,True
820,22000,5,0,16,546,40,2024,12,0,2026,6,0,2026,7,5,True,False,False,False,False,False,False,False,False,False
960,6500,4,0,15,548,40,2024,12,1,2026,6,3,2026,7,1,False,False,True,False,False,False,False,True,False,False
800,17500,3,1,12,549,40,2024,12,2,2026,6,5,2026,7,3,False,False,False,True,True,False,False,False,False,False
940,12000,5,0,14,550,40,2024,12,3,2026,6,0,2026,8,5,False,True,False,False,False,False,True,False,False,False
880,24000,4,2,15,552,40,2024,12,4,2026,6,3,2026,8,1,True,False,False,False,False,False,False,False,True,False
860,9500,4,0,18,554,40,2024,12,5,2026,6,6,2026,8,4,False,False,False,False,False,True,False,False,False,False
900,16000,5,0,13,555,40,2024,12,6,2026,6,1,2026,8,6,False,False,False,True,False,False,False,False,False,True
850,11000,3,1,14,556,40,2024,12,0,2026,7,3,2026,8,1,False,True,False,False,False,False,False,False,False,False
920,21500,5,0,16,558,40,2024,12,1,2026,7,6,2026,8,4,True,False,False,False,False,False,False,True,False,False
830,7000,4,1,15,560,40,2024,12,2,2026,7,2,2026,8,0,False,False,True,False,True,False,False,False,False,False
950,20000,4,0,12,561,40,2024,12,3,2026,7,4,2026,8,2,False,False,False,True,False,False,True,False,False,False
810,15000,5,0,14,562,40,2024,12,4,2026,7,6,2026,8,4,False,True,False,False,False,False,False,False,True,False
900,20000,4,2,15,564,40,2024,12,5,2026,7,2,2026,8,0,True,False,False,False,False,True,False,False,False,False
870,9000,3,1,19,566,40,2024,12,6,2026,7,5,2026,8,3,False,False,False,False,False,False,False,False,False,True
890,18000,5,0,13,567,40,2024,12,0,2026,7,0,2026,8,5,False,False,False,True,False,False,False,False,False,False
930,13000,4,1,14,568,40,2024,12,1,2026,7,2,2026,8,0,False,True,False,False,False,False,False,True,False,False
840,22500,5,0,16,570,41,2025,1,2,2026,7,5,2026,9,4,True,False,False,False,True,False,False,False,False,False
960,8500,4,0,16,572,41,2025,1,3,2026,7,1,2026,9,0,False,False,True,False,False,False,True,False,False,False
820,17000,3,1,12,573,41,2025,1,4,2026,7,3,2026,9,2,False,False,False,True,False,False,False,False,True,False
940,11500,5,0,14,575,40,2025,1,5,2026,8,6,2026,9,4,False,True,False,False,False,True,False,False,False,False
800,24000,4,2,15,577,40,2025,1,6,2026,8,2,2026,9,0,True,False,False,False,False,False,False,False,False,True
910,7000,4,0,18,579,40,2025,1,0,2026,8,5,2026,9,3,False,False,False,False,False,False,False,False,False,False
880,19500,5,0,13,580,40,2025,1,1,2026,8,0,2026,9,5,False,False,False,True,False,False,False,True,False,False
860,14500,3,1,14,581,40,2025,1,2,2026,8,2,2026,9,0,False,True,False,False,True,False,False,False,False,False
920,20000,5,0,16,583,40,2025,1,3,2026,8,5,2026,9,3,True,False,False,False,False,False,True,False,False,False
850,9000,4,1,15,585,40,2025,1,4,2026,8,1,2026,9,6,False,False,True,False,False,False,False,False,True,False
890,18000,4,0,12,586,40,2025,1,5,2026,8,3,2026,9,1,False,False,False,True,False,True,False,False,False,False
830,13000,5,0,14,587,40,2025,1,6,2026,8,5,2026,10,3,False,True,False,False,False,False,False,False,False,True
950,22500,4,2,15,589,40,2025,1,0,2026,8,1,2026,10,6,True,False,False,False,False,False,False,False,False,False
810,8000,3,1,19,591,40,2025,1,1,2026,8,4,2026,10,2,False,False,False,False,False,False,False,True,False,False
900,17000,5,0,13,592,40,2025,1,2,2026,8,6,2026,10,4,False,False,False,True,True,False,False,False,False,False
870,11500,4,1,14,594,40,2025,1,3,2026,9,2,2026,10,0,False,True,False,False,False,False,True,False,False,False
890,24000,4,0,16,596,40,2025,1,4,2026,9,5,2026,10,3,True,False,False,False,False,False,False,False,True,False
930,9500,5,0,16,598,40,2025,1,5,2026,9,1,2026,10,6,False,False,True,False,False,True,False,False,False,False
840,19000,3,1,12,599,40,2025,1,6,2026,9,3,2026,10,1,False,False,False,True,False,False,False,False,False,True
910,14000,4,1,14,600,40,2025,1,0,2026,9,5,2026,10,3,False,True,False,False,False,False,False,False,False,False
820,21000,5,0,15,602,40,2025,1,1,2026,9,1,2026,10,6,True,False,False,False,False,False,False,True,False,False
960,6500,4,2,18,604,40,2025,1,2,2026,9,4,2026,10,2,False,False,False,False,True,False,False,False,False,False
800,18500,5,0,13,605,40,2025,1,3,2026,9,6,2026,10,4,False,False,False,True,False,False,True,False,False,False
940,10000,4,0,14,606,40,2025,1,4,2026,9,1,2026,11,6,False,True,False,False,False,False,False,False,True,False
880,23000,3,1,16,608,40,2025,1,5,2026,9,4,2026,11,2,True,False,False,False,False,True,False,False,False,False
860,8000,4,1,15,610,40,2025,1,6,2026,9,0,2026,11,5,False,False,True,False,False,False,False,False,False,True
900,20000,5,0,12,611,40,2025,1,0,2026,9,2,2026,11,0,False,False,False,True,False,False,False,False,False,False
850,15000,4,2,14,612,40,2025,1,1,2026,10,4,2026,11,2,False,True,False,False,False,False,False,True,False,False
920,20500,4,0,15,614,40,2025,1,2,2026,10,0,2026,11,5,True,False,False,False,True,False,False,False,False,False
830,9000,5,0,17,616,40,2025,1,3,2026,10,3,2026,11,1,False,False,False,False,False,False,True,False,False,False
950,17000,3,1,13,617,40,2025,1,4,2026,10,5,2026,11,3,False,False,False,True,False,False,False,False,True,False
810,12000,4,1,14,618,40,2025,2,5,2026,10,0,2026,11,5,False,True,False,False,False,True,False,False,False,False
900,24000,5,0,16,620,40,2025,2,6,2026,10,3,2026,11,1,True,False,False,False,False,False,False,False,False,True
870,7500,4,0,16,622,40,2025,2,0,2026,10,6,2026,11,4,False,False,True,False,False,False,False,False,False,False
890,19000,5,0,12,623,40,2025,2,1,2026,10,1,2026,11,6,False,False,False,True,False,False,False,True,False,False
930,14000,4,2,14,624,40,2025,2,2,2026,10,3,2026,12,1,False,True,False,False,True,False,False,False,False,False
840,21500,4,1,15,626,40,2025,2,3,2026,10,6,2026,12,4,True,False,False,False,False,False,True,False,False,False
960,8500,3,1,19,628,40,2025,2,4,2026,10,2,2026,12,0,False,False,False,False,False,False,False,False,True,False
820,18000,5,0,13,629,40,2025,2,5,2026,10,4,2026,12,2,False,False,False,True,False,True,False,False,False,False
940,10000,4,0,14,631,40,2025,2,6,2026,11,0,2026,12,5,False,True,False,False,False,False,False,False,False,True
800,23500,5,0,16,633,40,2025,2,0,2026,11,3,2026,12,1,True,False,False,False,False,False,False,False,False,False
910,6000,4,1,15,635,40,2025,2,1,2026,11,6,2026,12,4,False,False,True,False,False,False,False,True,False,False
880,20000,3,2,12,636,40,2025,2,2,2026,11,1,2026,12,6,False,False,False,True,True,False,False,False,False,False
860,15000,5,0,14,637,40,2025,2,3,2026,11,3,2026,12,1,False,True,False,False,False,False,True,False,False,False
920,20000,4,1,15,639,40,2025,2,4,2026,11,6,2026,12,4,True,False,False,False,False,False,False,False,True,False
850,9000,4,0,18,641,40,2025,2,5,2026,11,2,2026,12,0,False,False,False,False,False,True,False,False,False,False
890,17000,5,0,13,642,40,2025,2,6,2026,11,4,2026,12,2,False,False,False,True,False,False,False,False,False,True
830,12000,3,1,14,643,40,2025,2,0,2026,11,6,2027,1,4,False,True,False,False,False,False,False,False,False,False
950,23000,5,0,16,645,40,2025,2,1,2026,11,2,2027,1,0,True,False,False,False,False,False,False,True,False,False
810,7500,4,1,16,647,40,2025,2,2,2026,11,5,2027,1,3,False,False,True,False,True,False,False,False,False,False
900,18500,4,0,12,648,40,2025,2,3,2026,11,0,2027,1,5,False,False,False,True,False,False,True,False,False,False
870,13500,5,0,14,649,40,2025,2,4,2026,12,2,2027,1,0,False,True,False,False,False,False,False,False,True,False
890,25000,4,2,15,651,40,2025,2,5,2026,12,5,2027,1,3,True,False,False,False,False,True,False,False,False,False
930,8000,3,1,19,653,40,2025,2,6,2026,12,1,2027,1,6,False,False,False,False,False,False,False,False,False,True
840,16000,5,0,13,654,40,2025,2,0,2026,12,3,2027,1,1,False,False,False,True,False,False,False,False,False,False
910,11000,4,1,14,655,40,2025,2,1,2026,12,5,2027,1,3,False,True,False,False,False,False,False,True,False,False
820,21500,5,0,16,657,40,2025,2,2,2026,12,1,2027,1,6,True,False,False,False,True,False,False,False,False,False
960,9500,4,0,15,659,40,2025,2,3,2026,12,4,2027,1,2,False,False,True,False,False,False,True,False,False,False
800,17500,3,1,12,660,40,2025,2,4,2026,12,6,2027,1,4,False,False,False,True,False,False,False,False,True,False
940,12500,5,0,14,661,40,2025,3,5,2026,12,1,2027,1,6,False,True,False,False,False,True,False,False,False,False
880,24000,4,2,15,663,41,2025,3,6,2026,12,4,2027,2,3,True,False,False,False,False,False,False,False,False,True
860,6000,4,0,18,665,41,2025,3,0,2026,12,0,2027,2,6,False,False,False,False,False,False,False,False,False,False
900,19500,5,0,13,666,41,2025,3,1,2026,12,2,2027,2,1,False,False,False,True,False,False,False,True,False,False
850,14500,3,1,14,668,40,2025,3,2,2027,1,5,2027,2,3,False,True,False,False,True,False,False,False,False,False
920,20000,5,0,16,670,40,2025,3,3,2027,1,1,2027,2,6,True,False,False,False,False,False,True,False,False,False
830,8500,4,1,15,672,40,2025,3,4,2027,1,4,2027,2,2,False,False,True,False,False,False,False,False,True,False
950,18000,4,0,12,673,40,2025,3,5,2027,1,6,2027,2,4,False,False,False,True,False,True,False,False,False,False
810,13000,5,0,14,674,40,2025,3,6,2027,1,1,2027,2,6,False,True,False,False,False,False,False,False,False,True
900,22500,4,2,15,676,40,2025,3,0,2027,1,4,2027,2,2,True,False,False,False,False,False,False,False,False,False
870,7000,3,1,19,678,40,2025,3,1,2027,1,0,2027,2,5,False,False,False,False,False,False,False,True,False,False
890,17000,5,0,13,679,40,2025,3,2,2027,1,2,2027,3,0,False,False,False,True,True,False,False,False,False,False
930,11500,4,1,14,680,40,2025,3,3,2027,1,4,2027,3,2,False,True,False,False,False,False,True,False,False,False
840,24000,5,0,16,682,40,2025,3,4,2027,1,0,2027,3,5,True,False,False,False,False,False,False,False,True,False
960,9500,4,0,16,684,40,2025,3,5,2027,1,3,2027,3,1,False,False,True,False,False,True,False,False,False,False
820,19000,3,1,12,685,40,2025,3,6,2027,1,5,2027,3,3,False,False,False,True,False,False,False,False,False,True
940,14000,5,0,14,687,40,2025,3,0,2027,2,1,2027,3,6,False,True,False,False,False,False,False,False,False,False
800,21000,4,2,15,689,40,2025,3,1,2027,2,4,2027,3,2,True,False,False,False,False,False,False,True,False,False
910,8000,4,0,18,691,40,2025,3,2,2027,2,0,2027,3,5,False,False,False,False,True,False,False,False,False,False
880,18500,5,0,13,692,40,2025,3,3,2027,2,2,2027,3,0,False,False,False,True,False,False,True,False,False,False
860,13000,3,1,14,693,40,2025,3,4,2027,2,4,2027,3,2,False,True,False,False,False,False,False,False,True,False
920,22500,5,0,16,695,40,2025,3,5,2027,2,0,2027,3,5,True,False,False,False,False,True,False,False,False,False
850,6500,4,1,15,697,40,2025,3,6,2027,2,3,2027,3,1,False,False,True,False,False,False,False,False,False,True
890,20000,4,0,12,698,40,2025,3,0,2027,2,5,2027,4,3,False,False,False,True,False,False,False,False,False,False
830,10500,5,0,14,699,40,2025,3,1,2027,2,0,2027,4,5,False,True,False,False,False,False,False,True,False,False
950,24000,4,2,15,701,40,2025,3,2,2027,2,3,2027,4,1,True,False,False,False,True,False,False,False,False,False
810,9500,3,1,19,703,40,2025,3,3,2027,2,6,2027,4,4,False,False,False,False,False,False,True,False,False,False
900,17500,5,0,13,704,40,2025,3,4,2027,3,1,2027,4,6,False,False,False,True,False,False,False,False,True,False
870,12500,4,1,14,706,40,2025,3,5,2027,3,4,2027,4,2,False,True,False,False,False,True,False,False,False,False
890,21000,4,0,16,708,40,2025,3,6,2027,3,0,2027,4,5,True,False,False,False,False,False,False,False,False,True
930,7000,5,0,16,709,40,2025,3,0,2027,3,2,2027,4,0,False,False,True,False,False,False,False,False,False,False
840,19500,3,1,12,710,40,2025,4,1,2027,3,4,2027,4,2,False,False,False,True,False,False,False,True,False,False
910,14500,4,1,14,712,40,2025,4,2,2027,3,0,2027,4,5,False,True,False,False,True,False,False,False,False,False
820,23000,5,0,15,714,40,2025,4,3,2027,3,3,2027,4,1,True,False,False,False,False,False,True,False,False,False
960,8000,4,2,18,715,40,2025,4,4,2027,3,5,2027,4,3,False,False,False,False,False,False,False,False,True,False
800,18000,5,0,13,716,40,2025,4,5,2027,3,0,2027,5,5,False,False,False,True,False,True,False,False,False,False
940,10000,4,0,14,718,40,2025,4,6,2027,3,3,2027,5,1,False,True,False,False,False,False,False,False,False,True
880,22000,3,1,16,720,40,2025,4,0,2027,3,6,2027,5,4,True,False,False,False,False,False,False,False,False,False
860,9000,4,1,15,721,40,2025,4,1,2027,3,1,2027,5,6,False,False,True,False,False,False,False,True,False,False
900,20000,5,0,12,723,40,2025,4,2,2027,4,4,2027,5,2,False,False,False,True,True,False,False,False,False,False
850,15000,4,2,14,725,40,2025,4,3,2027,4,0,2027,5,5,False,True,False,False,False,False,True,False,False,False
920,20500,4,0,15,727,40,2025,4,4,2027,4,3,2027,5,1,True,False,False,False,False,False,False,False,True,False
830,7500,5,0,17,728,40,2025,4,5,2027,4,5,2027,5,3,False,False,False,False,False,True,False,False,False,False
950,17000,3,1,13,729,40,2025,4,6,2027,4,0,2027,5,5,False,False,False,True,False,False,False,False,False,True
810,12000,4,1,14,731,40,2025,4,0,2027,4,3,2027,5,1,False,True,False,False,False,False,False,False,False,False
900,23500,5,0,16,733,40,2025,4,1,2027,4,6,2027,5,4,True,False,False,False,False,False,False,True,False,False
870,8500,4,0,16,734,40,2025,4,2,2027,4,1,2027,5,6,False,False,True,False,True,False,False,False,False,False
890,19500,5,0,12,735,40,2025,4,3,2027,4,3,2027,6,1,False,False,False,True,False,False,True,False,False,False
930,14000,4,2,14,737,40,2025,4,4,2027,4,6,2027,6,4,False,True,False,False,False,False,False,False,True,False
840,21000,4,1,15,739,40,2025,4,5,2027,4,2,2027,6,0,True,False,False,False,False,True,False,False,False,False
960,9000,3,1,19,740,40,2025,4,6,2027,4,4,2027,6,2,False,False,False,False,False,False,False,False,False,True
820,18500,5,0,13,741,40,2025,4,0,2027,5,6,2027,6,4,False,False,False,True,False,False,False,False,False,False
940,10500,4,0,14,743,40,2025,4,1,2027,5,2,2027,6,0,False,True,False,False,False,False,False,True,False,False
800,22000,5,0,16,745,40,2025,4,2,2027,5,5,2027,6,3,True,False,False,False,True,False,False,False,False,False
910,6500,4,1,15,746,40,2025,4,3,2027,5,0,2027,6,5,False,False,True,False,False,False,True,False,False,False
880,20000,3,2,12,747,40,2025,4,4,2027,5,2,2027,6,0,False,False,False,True,False,False,False,False,True,False
860,15000,5,0,14,749,40,2025,4,5,2027,5,5,2027,6,3,False,True,False,False,False,True,False,False,False,False
920,20000,4,1,15,751,40,2025,4,6,2027,5,1,2027,6,6,True,False,False,False,False,False,False,False,False,True
850,8000,4,0,18,752,40,2025,4,0,2027,5,3,2027,6,1,False,False,False,False,False,False,False,False,False,False
890,17000,5,0,13,753,40,2025,4,1,2027,5,5,2027,7,3,False,False,False,True,False,False,False,True,False,False
830,12000,3,1,14,755,40,2025,4,2,2027,5,1,2027,7,6,False,True,False,False,True,False,False,False,False,False
950,23500,5,0,16,757,40,2025,5,3,2027,5,4,2027,7,2,True,False,False,False,False,False,True,False,False,False
810,7000,4,1,16,758,40,2025,5,4,2027,5,6,2027,7,4,False,False,True,False,False,False,False,False,True,False
900,19000,4,0,12,760,40,2025,5,5,2027,6,2,2027,7,0,False,False,False,True,False,True,False,False,False,False
870,14000,5,0,14,762,40,2025,5,6,2027,6,5,2027,7,3,False,True,False,False,False,False,False,False,False,True
890,21500,4,2,15,764,40,2025,5,0,2027,6,1,2027,7,6,True,False,False,False,False,False,False,False,False,False
930,9500,3,1,19,765,40,2025,5,1,2027,6,3,2027,7,1,False,False,False,False,False,False,False,True,False,False
840,18000,5,0,13,766,40,2025,5,2,2027,6,5,2027,7,3,False,False,False,True,True,False,False,False,False,False
910,13000,4,1,14,768,40,2025,5,3,2027,6,1,2027,7,6,False,True,False,False,False,False,True,False,False,False
820,24500,5,0,16,770,40,2025,5,4,2027,6,4,2027,7,2,True,False,False,False,False,False,False,False,True,False
960,6000,4,0,15,771,40,2025,5,5,2027,6,6,2027,7,4,False,False,True,False,False,True,False,False,False,False
800,17500,3,1,12,772,40,2025,5,6,2027,6,1,2027,8,6,False,False,False,True,False,False,False,False,False,True
940,12500,5,0,14,774,40,2025,5,0,2027,6,4,2027,8,2,False,True,False,False,False,False,False,False,False,False
880,20000,4,2,15,776,40,2025,5,1,2027,6,0,2027,8,5,True,False,False,False,False,False,False,True,False,False
860,9000,4,0,18,777,40,2025,5,2,2027,6,2,2027,8,0,False,False,False,False,True,False,False,False,False,False
900,19500,5,0,13,778,40,2025,5,3,2027,7,4,2027,8,2,False,False,False,True,False,False,True,False,False,False
850,14500,3,1,14,780,40,2025,5,4,2027,7,0,2027,8,5,False,True,False,False,False,False,False,False,True,False
920,21000,5,0,16,782,40,2025,5,5,2027,7,3,2027,8,1,True,False,False,False,False,True,False,False,False,False
830,8000,4,1,15,783,40,2025,5,6,2027,7,5,2027,8,3,False,False,True,False,False,False,False,False,False,True
950,18000,4,0,12,784,40,2025,5,0,2027,7,0,2027,8,5,False,False,False,True,False,False,False,False,False,False
810,10000,5,0,14,786,40,2025,5,1,2027,7,3,2027,8,1,False,True,False,False,False,False,False,True,False,False
900,23000,4,2,15,788,40,2025,5,2,2027,7,6,2027,8,4,True,False,False,False,True,False,False,False,False,False
870,7000,3,1,19,789,40,2025,5,3,2027,7,1,2027,8,6,False,False,False,False,False,False,True,False,False,False
890,17500,5,0,13,790,40,2025,5,4,2027,7,3,2027,8,1,False,False,False,True,False,False,False,False,True,False
930,12500,4,1,14,792,41,2025,5,5,2027,7,6,2027,9,5,False,True,False,False,False,True,False,False,False,False
840,24500,5,0,16,794,41,2025,5,6,2027,7,2,2027,9,1,True,False,False,False,False,False,False,False,False,True
960,9500,4,0,16,795,41,2025,5,0,2027,7,4,2027,9,3,False,False,True,False,False,False,False,False,False,False
820,19000,3,1,12,797,40,2025,5,1,2027,8,0,2027,9,5,False,False,False,True,False,False,False,True,False,False
940,14000,5,0,14,799,40,2025,5,2,2027,8,3,2027,9,1,False,True,False,False,True,False,False,False,False,False
800,20000,4,2,15,801,40,2025,5,3,2027,8,6,2027,9,4,True,False,False,False,False,False,True,False,False,False
910,8500,4,0,18,802,40,2025,5,4,2027,8,1,2027,9,6,False,False,False,False,False,False,False,False,True,False
880,18500,5,0,13,803,40,2025,5,5,2027,8,3,2027,9,1,False,False,False,True,False,True,False,False,False,False
860,13500,3,1,14,805,40,2025,6,6,2027,8,6,2027,9,4,False,True,False,False,False,False,False,False,False,True
920,22000,5,0,16,807,40,2025,6,0,2027,8,2,2027,9,0,True,False,False,False,False,False,False,False,False,False
850,6000,4,1,15,808,40,2025,6,1,2027,8,4,2027,9,2,False,False,True,False,False,False,False,True,False,False
890,17000,4,0,12,809,40,2025,6,2,2027,8,6,2027,10,4,False,False,False,True,True,False,False,False,False,False
830,11500,5,0,14,811,40,2025,6,3,2027,8,2,2027,10,0,False,True,False,False,False,False,True,False,False,False
950,23500,4,2,15,813,40,2025,6,4,2027,8,5,2027,10,3,True,False,False,False,False,False,False,False,True,False
810,9000,3,1,19,814,40,2025,6,5,2027,8,0,2027,10,5,False,False,False,False,False,True,False,False,False,False
900,19500,5,0,13,816,40,2025,6,6,2027,9,3,2027,10,1,False,False,False,True,False,False,False,False,False,True
870,14000,4,1,14,818,40,2025,6,0,2027,9,6,2027,10,4,False,True,False,False,False,False,False,False,False,False
890,21000,4,0,16,820,40,2025,6,1,2027,9,2,2027,10,0,True,False,False,False,False,False,False,True,False,False
930,7500,5,0,16,821,40,2025,6,2,2027,9,4,2027,10,2,False,False,True,False,True,False,False,False,False,False
840,18500,3,1,12,822,40,2025,6,3,2027,9,6,2027,10,4,False,False,False,True,False,False,True,False,False,False
910,10000,4,1,14,824,40,2025,6,4,2027,9,2,2027,10,0,False,True,False,False,False,False,False,False,True,False
820,22000,5,0,15,826,40,2025,6,5,2027,9,5,2027,10,3,True,False,False,False,False,True,False,False,False,False
960,8500,4,2,18,827,40,2025,6,6,2027,9,0,2027,10,5,False,False,False,False,False,False,False,False,False,True
800,17500,5,0,13,828,40,2025,6,0,2027,9,2,2027,11,0,False,False,False,True,False,False,False,False,False,False
940,12500,4,0,14,830,40,2025,6,1,2027,9,5,2027,11,3,False,True,False,False,False,False,False,True,False,False
880,23500,3,1,16,832,40,2025,6,2,2027,9,1,2027,11,6,True,False,False,False,True,False,False,False,False,False
860,6000,4,1,15,833,40,2025,6,3,2027,9,3,2027,11,1,False,False,True,False,False,False,True,False,False,False
900,20000,5,0,12,834,40,2025,6,4,2027,10,5,2027,11,3,False,False,False,True,False,False,False,False,True,False
850,15000,4,2,14,836,40,2025,6,5,2027,10,1,2027,11,6,False,True,False,False,False,True,False,False,False,False
920,20000,4,0,15,838,40,2025,6,6,2027,10,4,2027,11,2,True,False,False,False,False,False,False,False,False,True
830,9500,5,0,17,839,40,2025,6,0,2027,10,6,2027,11,4,False,False,False,False,False,False,False,False,False,False
950,18000,3,1,13,840,40,2025,6,1,2027,10,1,2027,11,6,False,False,False,True,False,False,False,True,False,False
810,13000,4,1,14,842,40,2025,6,2,2027,10,4,2027,11,2,False,True,False,False,True,False,False,False,False,False
900,24500,5,0,16,844,40,2025,6,3,2027,10,0,2027,11,5,True,False,False,False,False,False,True,False,False,False
870,7000,4,0,16,845,40,2025,6,4,2027,10,2,2027,11,0,False,False,True,False,False,False,False,False,True,False
890,17000,5,0,12,846,40,2025,6,5,2027,10,4,2027,12,2,False,False,False,True,False,True,False,False,False,False
930,11500,4,2,14,848,40,2025,6,6,2027,10,0,2027,12,5,False,True,False,False,False,False,False,False,False,True
840,22500,4,1,15,850,40,2025,6,0,2027,10,3,2027,12,1,True,False,False,False,False,False,False,False,False,False
960,8500,3,1,19,851,40,2025,7,1,2027,10,5,2027,12,3,False,False,False,False,False,False,False,True,False,False
820,19500,5,0,13,853,40,2025,7,2,2027,11,1,2027,12,6,False,False,False,True,True,False,False,False,False,False
940,14500,4,0,14,855,40,2025,7,3,2027,11,4,2027,12,2,False,True,False,False,False,False,True,False,False,False
800,21000,5,0,16,857,40,2025,7,4,2027,11,0,2027,12,5,True,False,False,False,False,False,False,False,True,False
910,6000,4,1,15,858,40,2025,7,5,2027,11,2,2027,12,0,False,False,True,False,False,True,False,False,False,False
880,20000,3,2,12,859,40,2025,7,6,2027,11,4,2027,12,2,False,False,False,True,False,False,False,False,False,True
860,10000,5,0,14,861,40,2025,7,0,2027,11,0,2027,12,5,False,True,False,False,False,False,False,False,False,False
920,23000,4,1,15,863,40,2025,7,1,2027,11,3,2027,12,1,True,False,False,False,False,False,False,True,False,False
850,9500,4,0,18,864,40,2025,7,2,2027,11,5,2027,12,3,False,False,False,False,True,False,False,False,False,False
890,17500,5,0,13,865,40,2025,7,3,2027,11,0,2028,1,5,False,False,False,True,False,False,True,False,False,False
830,12500,3,1,14,867,40,2025,7,4,2027,11,3,2028,1,1,False,True,False,False,False,False,False,False,True,False
950,24500,5,0,16,869,40,2025,7,5,2027,11,6,2028,1,4,True,False,False,False,False,True,False,False,False,False
810,7000,4,1,16,870,40,2025,7,6,2027,11,1,2028,1,6,False,False,True,False,False,False,False,False,False,True
900,19500,4,0,12,871,40,2025,7,0,2027,12,3,2028,1,1,False,False,False,True,False,False,False,False,False,False
870,14500,5,0,14,873,40,2025,7,1,2027,12,6,2028,1,4,False,True,False,False,False,False,False,True,False,False
890,21500,4,2,15,875,40,2025,7,2,2027,12,2,2028,1,0,True,False,False,False,True,False,False,False,False,False
930,8000,3,1,19,876,40,2025,7,3,2027,12,4,2028,1,2,False,False,False,False,False,False,True,False,False,False
840,18000,5,0,13,877,40,2025,7,4,2027,12,6,2028,1,4,False,False,False,True,False,False,False,False,True,False
910,13000,4,1,14,879,40,2025,7,5,2027,12,2,2028,1,0,False,True,False,False,False,True,False,False,False,False
820,24000,5,0,16,881,40,2025,7,6,2027,12,5,2028,1,3,True,False,False,False,False,False,False,False,False,True
960,9500,4,0,15,882,40,2025,7,0,2027,12,0,2028,1,5,False,False,True,False,False,False,False,False,False,False
800,17000,3,1,12,883,40,2025,7,1,2027,12,2,2028,1,0,False,False,False,True,False,False,False,True,False,False
940,11500,5,0,14,885,41,2025,7,2,2027,12,5,2028,2,4,False,True,False,False,True,False,False,False,False,False
880,22500,4,2,15,887,41,2025,7,3,2027,12,1,2028,2,0,True,False,False,False,False,False,True,False,False,False
860,7000,4,0,18,888,41,2025,7,4,2027,12,3,2028,2,2,False,False,False,False,False,False,False,False,True,False
900,19000,5,0,13,890,40,2025,7,5,2028,1,6,2028,2,4,False,False,False,True,False,True,False,False,False,False
850,14000,3,1,14,892,40,2025,7,6,2028,1,2,2028,2,0,False,True,False,False,False,False,False,False,False,True
920,20500,5,0,16,894,40,2025,7,0,2028,1,5,2028,2,3,True,False,False,False,False,False,False,False,False,False
830,8000,4,1,15,895,40,2025,7,1,2028,1,0,2028,2,5,False,False,True,False,False,False,False,True,False,False
950,18500,4,0,12,896,40,2025,7,2,2028,1,2,2028,2,0,False,False,False,True,True,False,False,False,False,False
810,13500,5,0,14,898,40,2025,7,3,2028,1,5,2028,2,3,False,True,False,False,False,False,True,False,False,False
900,25000,4,2,15,900,40,2025,8,4,2028,1,1,2028,2,6,True,False,False,False,False,False,False,False,True,False
870,9500,3,1,19,901,40,2025,8,5,2028,1,3,2028,2,1,False,False,False,False,False,True,False,False,False,False
890,16000,5,0,13,902,40,2025,8,6,2028,1,5,2028,3,3,False,False,False,True,False,False,False,False,False,True
930,11000,4,1,14,904,40,2025,8,0,2028,1,1,2028,3,6,False,True,False,False,False,False,False,False,False,False
840,22000,5,0,16,906,40,2025,8,1,2028,1,4,2028,3,2,True,False,False,False,False,False,False,True,False,False
960,6500,4,0,16,907,40,2025,8,2,2028,1,6,2028,3,4,False,False,True,False,True,False,False,False,False,False
820,17500,3,1,12,909,40,2025,8,3,2028,2,2,2028,3,0,False,False,False,True,False,False,True,False,False,False
940,12500,5,0,14,911,40,2025,8,4,2028,2,5,2028,3,3,False,True,False,False,False,False,False,False,True,False
800,24000,4,2,15,913,40,2025,8,5,2028,2,1,2028,3,6,True,False,False,False,False,True,False,False,False,False
910,8000,4,0,18,914,40,2025,8,6,2028,2,3,2028,3,1,False,False,False,False,False,False,False,False,False,True
880,19500,5,0,13,915,40,2025,8,0,2028,2,5,2028,3,3,False,False,False,True,False,False,False,False,False,False
860,14500,3,1,14,917,40,2025,8,1,2028,2,1,2028,3,6,False,True,False,False,False,False,False,True,False,False
920,20000,5,0,16,919,40,2025,8,2,2028,2,4,2028,3,2,True,False,False,False,True,False,False,False,False,False
850,9000,4,1,15,920,40,2025,8,3,2028,2,6,2028,3,4,False,False,True,False,False,False,True,False,False,False
890,18000,4,0,12,921,40,2025,8,4,2028,2,1,2028,4,6,False,False,False,True,False,False,False,False,True,False
830,13000,5,0,14,923,40,2025,8,5,2028,2,4,2028,4,2,False,True,False,False,False,True,False,False,False,False
950,22500,4,2,15,925,40,2025,8,6,2028,2,0,2028,4,5,True,False,False,False,False,False,False,False,False,True
810,7500,3,1,19,927,40,2025,8,0,2028,3,3,2028,4,1,False,False,False,False,False,False,False,False,False,False
900,17000,5,0,13,929,40,2025,8,1,2028,3,6,2028,4,4,False,False,False,True,False,False,False,True,False,False
870,11500,4,1,14,931,40,2025,8,2,2028,3,2,2028,4,0,False,True,False,False,True,False,False,False,False,False
890,24000,5,0,16,932,40,2025,8,3,2028,3,4,2028,4,2,True,False,False,False,False,False,True,False,False,False
930,8500,4,0,16,933,40,2025,8,4,2028,3,6,2028,4,4,False,False,True,False,False,False,False,False,True,False
840,19500,3,1,12,935,40,2025,8,5,2028,3,2,2028,4,0,False,False,False,True,False,True,False,False,False,False
910,14500,5,0,14,937,40,2025,8,6,2028,3,5,2028,4,3,False,True,False,False,False,False,False,False,False,True
820,20000,4,2,15,938,40,2025,8,0,2028,3,0,2028,4,5,True,False,False,False,False,False,False,False,False,False
960,9000,4,0,18,939,40,2025,8,1,2028,3,2,2028,5,0,False,False,False,False,False,False,False,True,False,False
800,18000,5,0,13,941,40,2025,8,2,2028,3,5,2028,5,3,False,False,False,True,True,False,False,False,False,False
940,13000,3,1,14,943,40,2025,8,3,2028,3,1,2028,5,6,False,True,False,False,False,False,True,False,False,False
880,22500,5,0,16,944,40,2025,8,4,2028,3,3,2028,5,1,True,False,False,False,False,False,False,False,True,False
860,7500,4,1,15,946,40,2025,8,5,2028,4,6,2028,5,4,False,False,True,False,False,True,False,False,False,False
900,17000,4,0,12,948,40,2025,8,6,2028,4,2,2028,5,0,False,False,False,True,False,False,False,False,False,True
850,11000,5,0,14,950,40,2025,9,0,2028,4,5,2028,5,3,False,True,False,False,False,False,False,False,False,False
920,24000,4,2,15,951,40,2025,9,1,2028,4,0,2028,5,5,True,False,False,False,False,False,False,True,False,False
830,8500,3,1,19,952,40,2025,9,2,2028,4,2,2028,5,0,False,False,False,False,True,False,False,False,False,False
950,19000,5,0,13,954,40,2025,9,3,2028,4,5,2028,5,3,False,False,False,True,False,False,True,False,False,False
810,14000,4,1,14,956,40,2025,9,4,2028,4,1,2028,5,6,False,True,False,False,False,False,False,False,True,False
900,20500,4,0,16,957,40,2025,9,5,2028,4,3,2028,5,1,True,False,False,False,False,True,False,False,False,False
870,9000,5,0,16,958,40,2025,9,6,2028,4,5,2028,6,3,False,False,True,False,False,False,False,False,False,True
890,18500,3,1,12,960,40,2025,9,0,2028,4,1,2028,6,6,False,False,False,True,False,False,False,False,False,False
930,10000,4,1,14,962,40,2025,9,1,2028,4,4,2028,6,2,False,True,False,False,False,False,False,True,False,False
840,22000,5,0,15,963,40,2025,9,2,2028,4,6,2028,6,4,True,False,False,False,True,False,False,False,False,False
960,7500,4,2,18,964,40,2025,9,3,2028,5,1,2028,6,6,False,False,False,False,False,False,True,False,False,False
820,17000,5,0,13,966,40,2025,9,4,2028,5,4,2028,6,2,False,False,False,True,False,False,False,False,True,False
940,12000,4,0,14,968,40,2025,9,5,2028,5,0,2028,6,5,False,True,False,False,False,True,False,False,False,False
800,23500,3,1,16,969,40,2025,9,6,2028,5,2,2028,6,0,True,False,False,False,False,False,False,False,False,True
910,6000,4,1,15,970,40,2025,9,0,2028,5,4,2028,6,2,False,False,True,False,False,False,False,False,False,False
880,20000,5,0,12,972,40,2025,9,1,2028,5,0,2028,6,5,False,False,False,True,False,False,False,True,False,False
860,15000,4,2,14,974,40,2025,9,2,2028,5,3,2028,6,1,False,True,False,False,True,False,False,False,False,False
920,20000,4,0,15,975,40,2025,9,3,2028,5,5,2028,6,3,True,False,False,False,False,False,True,False,False,False
850,9500,5,0,17,976,40,2025,9,4,2028,5,0,2028,7,5,False,False,False,False,False,False,False,False,True,False
890,18000,3,1,13,978,40,2025,9,5,2028,5,3,2028,7,1,False,False,False,True,False,True,False,False,False,False
830,13000,4,1,14,980,40,2025,9,6,2028,5,6,2028,7,4,False,True,False,False,False,False,False,False,False,True
950,24500,5,0,16,981,40,2025,9,0,2028,5,1,2028,7,6,True,False,False,False,False,False,False,False,False,False
810,7000,4,0,16,983,40,2025,9,1,2028,6,4,2028,7,2,False,False,True,False,False,False,False,True,False,False
900,17000,5,0,12,985,40,2025,9,2,2028,6,0,2028,7,5,False,False,False,True,True,False,False,False,False,False
870,11500,4,2,14,987,40,2025,9,3,2028,6,3,2028,7,1,False,True,False,False,False,False,True,False,False,False
890,22500,4,1,15,988,40,2025,9,4,2028,6,5,2028,7,3,True,False,False,False,False,False,False,False,True,False
930,8000,3,1,19,989,40,2025,9,5,2028,6,0,2028,7,5,False,False,False,False,False,True,False,False,False,False
840,19500,5,0,13,991,40,2025,9,6,2028,6,3,2028,7,1,False,False,False,True,False,False,False,False,False,True
910,14500,4,0,14,993,40,2025,9,0,2028,6,6,2028,7,4,False,True,False,False,False,False,False,False,False,False
820,21000,5,0,16,994,40,2025,9,1,2028,6,1,2028,7,6,True,False,False,False,False,False,False,True,False,False
960,9500,4,1,15,995,40,2025,10,2,2028,6,3,2028,8,1,False,False,True,False,True,False,False,False,False,False
800,18000,3,2,12,997,40,2025,10,3,2028,6,6,2028,8,4,False,False,False,True,False,False,True,False,False,False
940,10000,5,0,14,999,40,2025,10,4,2028,6,2,2028,8,0,False,True,False,False,False,False,False,False,True,False
880,23000,4,1,15,1000,40,2025,10,5,2028,6,4,2028,8,2,True,False,False,False,False,True,False,False,False,False
860,6500,4,0,18,1001,40,2025,10,6,2028,7,6,2028,8,4,False,False,False,False,False,False,False,False,False,True
900,17500,5,0,13,1003,40,2025,10,0,2028,7,2,2028,8,0,False,False,False,True,False,False,False,False,False,False
850,12500,3,1,14,1005,40,2025,10,1,2028,7,5,2028,8,3,False,True,False,False,False,False,False,True,False,False
920,20500,5,0,16,1006,40,2025,10,2,2028,7,0,2028,8,5,True,False,False,False,True,False,False,False,False,False
830,7000,4,1,15,1007,40,2025,10,3,2028,7,2,2028,8,0,False,False,True,False,False,False,True,False,False,False
950,19000,4,0,12,1009,40,2025,10,4,2028,7,5,2028,8,3,False,False,False,True,False,False,False,False,True,False
810,14000,5,0,14,1011,40,2025,10,5,2028,7,1,2028,8,6,False,True,False,False,False,True,False,False,False,False
900,24500,4,2,15,1012,40,2025,10,6,2028,7,3,2028,8,1,True,False,False,False,False,False,False,False,False,True
870,9000,3,1,19,1013,40,2025,10,0,2028,7,5,2028,8,3,False,False,False,False,False,False,False,False,False,False
890,18000,5,0,13,1015,41,2025,10,1,2028,7,1,2028,9,0,False,False,False,True,False,False,False,True,False,False
930,13000,4,1,14,1017,41,2025,10,2,2028,7,4,2028,9,3,False,True,False,False,True,False,False,False,False,False
840,21000,5,0,16,1018,41,2025,10,3,2028,7,6,2028,9,5,True,False,False,False,False,False,True,False,False,False
960,8000,4,0,16,1020,40,2025,10,4,2028,8,2,2028,9,0,False,False,True,False,False,False,False,False,True,False
820,17000,3,1,12,1022,40,2025,10,5,2028,8,5,2028,9,3,False,False,False,True,False,True,False,False,False,False
940,11500,5,0,14,1024,40,2025,10,6,2028,8,1,2028,9,6,False,True,False,False,False,False,False,False,False,True
800,23000,4,2,15,1025,40,2025,10,0,2028,8,3,2028,9,1,True,False,False,False,False,False,False,False,False,False
910,9500,4,0,18,1026,40,2025,10,1,2028,8,5,2028,9,3,False,False,False,False,False,False,False,True,False,False
880,19000,5,0,13,1028,40,2025,10,2,2028,8,1,2028,9,6,False,False,False,True,True,False,False,False,False,False
860,14000,3,1,14,1030,40,2025,10,3,2028,8,4,2028,9,2,False,True,False,False,False,False,True,False,False,False
920,20500,5,0,16,1031,40,2025,10,4,2028,8,6,2028,9,4,True,False,False,False,False,False,False,False,True,False
850,6500,4,1,15,1032,40,2025,10,5,2028,8,1,2028,10,6,False,False,True,False,False,True,False,False,False,False
890,18500,4,0,12,1034,40,2025,10,6,2028,8,4,2028,10,2,False,False,False,True,False,False,False,False,False,True
830,13500,5,0,14,1036,40,2025,10,0,2028,8,0,2028,10,5,False,True,False,False,False,False,False,False,False,False
950,25000,4,2,15,1037,40,2025,10,1,2028,8,2,2028,10,0,True,False,False,False,False,False,False,True,False,False
810,8000,3,1,19,1039,40,2025,10,2,2028,9,5,2028,10,3,False,False,False,False,True,False,False,False,False,False
900,17000,5,0,13,1041,40,2025,10,3,2028,9,1,2028,10,6,False,False,False,True,False,False,True,False,False,False
870,11000,4,1,14,1043,40,2025,10,4,2028,9,4,2028,10,2,False,True,False,False,False,False,False,False,True,False
890,22000,4,0,16,1044,40,2025,11,5,2028,9,6,2028,10,4,True,False,False,False,False,True,False,False,False,False
930,9500,5,0,16,1045,40,2025,11,6,2028,9,1,2028,10,6,False,False,True,False,False,False,False,False,False,True
840,19500,3,1,12,1047,40,2025,11,0,2028,9,4,2028,10,2,False,False,False,True,False,False,False,False,False,False
910,14500,4,1,14,1049,40,2025,11,1,2028,9,0,2028,10,5,False,True,False,False,False,False,False,True,False,False
820,21500,5,0,15,1050,40,2025,11,2,2028,9,2,2028,10,0,True,False,False,False,True,False,False,False,False,False
960,7000,4,2,18,1051,40,2025,11,3,2028,9,4,2028,11,2,False,False,False,False,False,False,True,False,False,False
800,18500,5,0,13,1053,40,2025,11,4,2028,9,0,2028,11,5,False,False,False,True,False,False,False,False,True,False
940,10000,4,0,14,1055,40,2025,11,5,2028,9,3,2028,11,1,False,True,False,False,False,True,False,False,False,False
880,23000,3,1,16,1056,40,2025,11,6,2028,9,5,2028,11,3,True,False,False,False,False,False,False,False,False,True
860,8500,4,1,15,1057,40,2025,11,0,2028,10,0,2028,11,5,False,False,True,False,False,False,False,False,False,False
900,20000,5,0,12,1059,40,2025,11,1,2028,10,3,2028,11,1,False,False,False,True,False,False,False,True,False,False
850,15000,4,2,14,1061,40,2025,11,2,2028,10,6,2028,11,4,False,True,False,False,True,False,False,False,False,False
920,20500,4,0,15,1062,40,2025,11,3,2028,10,1,2028,11,6,True,False,False,False,False,False,True,False,False,False
830,9000,5,0,17,1063,40,2025,11,4,2028,10,3,2028,11,1,False,False,False,False,False,False,False,False,True,False
950,17500,3,1,13,1065,40,2025,11,5,2028,10,6,2028,11,4,False,False,False,True,False,True,False,False,False,False
810,12500,4,1,14,1067,40,2025,11,6,2028,10,2,2028,11,0,False,True,False,False,False,False,False,False,False,True
900,24000,5,0,16,1068,40,2025,11,0,2028,10,4,2028,11,2,True,False,False,False,False,False,False,False,False,False
870,7000,4,0,16,1069,40,2025,11,1,2028,10,6,2028,12,4,False,False,True,False,False,False,False,True,False,False
890,19000,5,0,12,1071,40,2025,11,2,2028,10,2,2028,12,0,False,False,False,True,True,False,False,False,False,False
930,14000,4,2,14,1073,40,2025,11,3,2028,10,5,2028,12,3,False,True,False,False,False,False,True,False,False,False
840,21500,4,1,15,1074,40,2025,11,4,2028,10,0,2028,12,5,True,False,False,False,False,False,False,False,True,False
960,8500,3,1,19,1076,40,2025,11,5,2028,11,3,2028,12,1,False,False,False,False,False,True,False,False,False,False
820,18000,5,0,13,1078,40,2025,11,6,2028,11,6,2028,12,4,False,False,False,True,False,False,False,False,False,True
940,13000,4,0,14,1080,40,2025,11,0,2028,11,2,2028,12,0,False,True,False,False,False,False,False,False,False,False
800,23000,5,0,16,1081,40,2025,11,1,2028,11,4,2028,12,2,True,False,False,False,False,False,False,True,False,False
910,9000,4,1,15,1082,40,2025,11,2,2028,11,6,2028,12,4,False,False,True,False,True,False,False,False,False,False
880,17500,3,2,12,1084,40,2025,11,3,2028,11,2,2028,12,0,False,False,False,True,False,False,True,False,False,False
860,12000,5,0,14,1086,40,2025,11,4,2028,11,5,2028,12,3,False,True,False,False,False,False,False,False,True,False
920,20500,4,1,15,1087,40,2025,11,5,2028,11,0,2028,12,5,True,False,False,False,False,True,False,False,False,False
850,7500,4,0,18,1088,40,2025,11,6,2028,11,2,2029,1,0,False,False,False,False,False,False,False,False,False,True
890,19000,5,0,13,1090,40,2025,12,0,2028,11,5,2029,1,3,False,False,False,True,False,False,False,False,False,False
830,14000,3,1,14,1092,40,2025,12,1,2028,11,1,2029,1,6,False,True,False,False,False,False,False,True,False,False
950,22500,5,0,16,1093,40,2025,12,2,2028,11,3,2029,1,1,True,False,False,False,True,False,False,False,False,False
810,8000,4,1,16,1094,40,2025,12,3,2028,12,5,2029,1,3,False,False,True,False,False,False,True,False,False,False
900,18000,4,0,12,1096,40,2025,12,4,2028,12,1,2029,1,6,False,False,False,True,False,False,False,False,True,False
870,13000,5,0,14,1098,40,2025,12,5,2028,12,4,2029,1,2,False,True,False,False,False,True,False,False,False,False
890,21500,4,2,15,1099,40,2025,12,6,2028,12,6,2029,1,4,True,False,False,False,False,False,False,False,False,True
930,9500,3,1,19,1100,40,2025,12,0,2028,12,1,2029,1,6,False,False,False,False,False,False,False,False,False,False
840,17000,5,0,13,1102,40,2025,12,1,2028,12,4,2029,1,2,False,False,False,True,False,False,False,True,False,False
910,11500,4,1,14,1104,40,2025,12,2,2028,12,0,2029,1,5,False,True,False,False,True,False,False,False,False,False
820,23000,5,0,16,1105,40,2025,12,3,2028,12,2,2029,1,0,True,False,False,False,False,False,True,False,False,False
960,6000,4,0,15,1106,40,2025,12,4,2028,12,4,2029,1,2,False,False,True,False,False,False,False,False,True,False
800,19000,3,1,12,1108,41,2025,12,5,2028,12,0,2029,2,6,False,False,False,True,False,True,False,False,False,False
940,14000,5,0,14,1110,41,2025,12,6,2028,12,3,2029,2,2,False,True,False,False,False,False,False,False,False,True
880,20000,4,2,15,1111,41,2025,12,0,2028,12,5,2029,2,4,True,False,False,False,False,False,False,False,False,False
860,9000,4,0,18,1113,40,2025,12,1,2029,1,1,2029,2,6,False,False,False,False,False,False,False,True,False,False
900,18500,5,0,13,1115,40,2025,12,2,2029,1,4,2029,2,2,False,False,False,True,True,False,False,False,False,False
850,13500,3,1,14,1117,40,2025,12,3,2029,1,0,2029,2,5,False,True,False,False,False,False,True,False,False,False
920,22000,5,0,16,1118,40,2025,12,4,2029,1,2,2029,2,0,True,False,False,False,False,False,False,False,True,False
830,7500,4,1,15,1119,40,2025,12,5,2029,1,4,2029,2,2,False,False,True,False,False,True,False,False,False,False
950,17000,4,0,12,1121,40,2025,12,6,2029,1,0,2029,2,5,False,False,False,True,False,False,False,False,False,True
810,12000,5,0,14,1123,40,2025,12,0,2029,1,3,2029,2,1,False,True,False,False,False,False,False,False,False,False
900,23500,4,2,15,1124,40,2025,12,1,2029,1,5,2029,3,3,True,False,False,False,False,False,False,True,False,False
870,8000,3,1,19,1125,40,2025,12,2,2029,1,0,2029,3,5,False,False,False,False,True,False,False,False,False,False
890,19500,5,0,13,1127,40,2025,12,3,2029,1,3,2029,3,1,False,False,False,True,False,False,True,False,False,False
930,14500,4,1,14,1129,40,2025,12,4,2029,1,6,2029,3,4,False,True,False,False,False,False,False,False,True,False
840,21000,5,0,16,1130,40,2025,12,5,2029,1,1,2029,3,6,True,False,False,False,False,True,False,False,False,False
960,9000,4,0,16,1132,40,2025,12,6,2029,2,4,2029,3,2,False,False,True,False,False,False,False,False,False,True
820,18000,3,1,12,1134,40,2025,12,0,2029,2,0,2029,3,5,False,False,False,True,False,False,False,False,False,False
940,10000,5,0,14,1136,40,2025,12,1,2029,2,3,2029,3,1,False,True,False,False,False,False,False,True,False,False
800,22500,4,2,15,1137,40,2025,12,2,2029,2,5,2029,3,3,True,False,False,False,True,False,False,False,False,False
910,7500,4,0,18,1138,40,2026,1,3,2029,2,0,2029,3,5,False,False,False,False,False,False,True,False,False,False
880,17000,5,0,13,1140,40,2026,1,4,2029,2,3,2029,3,1,False,False,False,True,False,False,False,False,True,False
860,12000,3,1,14,1142,40,2026,1,5,2029,2,6,2029,3,4,False,True,False,False,False,True,False,False,False,False
920,23000,5,0,16,1143,40,2026,1,6,2029,2,1,2029,4,6,True,False,False,False,False,False,False,False,False,True
850,8500,4,1,15,1144,40,2026,1,0,2029,2,3,2029,4,1,False,False,True,False,False,False,False,False,False,False
890,19500,4,0,12,1146,40,2026,1,1,2029,2,6,2029,4,4,False,False,False,True,False,False,False,True,False,False
830,14500,5,0,14,1148,40,2026,1,2,2029,2,2,2029,4,0,False,True,False,False,True,False,False,False,False,False
950,20000,4,2,15,1149,40,2026,1,3,2029,3,4,2029,4,2,True,False,False,False,False,False,True,False,False,False
810,9000,3,1,19,1151,40,2026,1,4,2029,3,0,2029,4,5,False,False,False,False,False,False,False,False,True,False
900,18000,5,0,13,1153,40,2026,1,5,2029,3,3,2029,4,1,False,False,False,True,False,True,False,False,False,False
870,13000,4,1,14,1154,40,2026,1,6,2029,3,5,2029,4,3,False,True,False,False,False,False,False,False,False,True
890,22000,4,0,16,1155,40,2026,1,0,2029,3,0,2029,4,5,True,False,False,False,False,False,False,False,False,False
930,7500,5,0,16,1157,40,2026,1,1,2029,3,3,2029,4,1,False,False,True,False,False,False,False,True,False,False
840,17000,3,1,12,1159,40,2026,1,2,2029,3,6,2029,4,4,False,False,False,True,True,False,False,False,False,False
910,11500,4,1,14,1160,40,2026,1,3,2029,3,1,2029,4,6,False,True,False,False,False,False,True,False,False,False
820,23500,5,0,15,1161,40,2026,1,4,2029,3,3,2029,5,1,True,False,False,False,False,False,False,False,True,False
960,8000,4,2,18,1163,40,2026,1,5,2029,3,6,2029,5,4,False,False,False,False,False,True,False,False,False,False
800,19000,5,0,13,1165,40,2026,1,6,2029,3,2,2029,5,0,False,False,False,True,False,False,False,False,False,True
940,14000,4,0,14,1166,40,2026,1,0,2029,3,4,2029,5,2,False,True,False,False,False,False,False,False,False,False
880,20500,3,1,16,1168,40,2026,1,1,2029,4,0,2029,5,5,True,False,False,False,False,False,False,True,False,False
860,9000,4,1,15,1170,40,2026,1,2,2029,4,3,2029,5,1,False,False,True,False,True,False,False,False,False,False
900,20000,5,0,12,1172,40,2026,1,3,2029,4,6,2029,5,4,False,False,False,True,False,False,True,False,False,False
850,15000,4,2,14,1173,40,2026,1,4,2029,4,1,2029,5,6,False,True,False,False,False,False,False,False,True,False
920,21000,4,0,15,1174,40,2026,1,5,2029,4,3,2029,5,1,True,False,False,False,False,True,False,False,False,False
